Range? (y/n),Brand,ALM description,Category,Supplier,ALM item code,Barcode (GTIN),Carton size,Unit cost ex GST,Retail @25% GP ex GST,On promo,Notes
,ST,OYSTER BAY SAUV BLANC    750ML,WINE STILL WHITE,DELEGAT AUSTRALIA PTY LTD,797592,9415549802601,6,15.42,22.99,,
,ST,OYSTER BAY CUV ROSE SPRK 750ML,WINE SPARKLING ROSE,DELEGAT AUSTRALIA PTY LTD,512507,9415549825617,6,17.02,24.99,,
,ST,OYSTER BAY CUV BRUT SPRK 750ML,WINE SPARKLING WHITE,DELEGAT AUSTRALIA PTY LTD,512492,9415549811610,6,17.02,24.99,,
,ST,OYSTER BAY PINOT NOIR    750ML,WINE STILL RED,DELEGAT AUSTRALIA PTY LTD,548391,9415549809679,6,17.61,25.99,,
,ST,OYSTER BAY MERLOT        750ML,WINE STILL RED,DELEGAT AUSTRALIA PTY LTD,507599,9415549814635,6,15.42,22.99,,
,ST,OYSTER BAY ROSE          750ML,WINE STILL ROSE,DELEGAT AUSTRALIA PTY LTD,650567,9415549805602,6,15.42,22.99,,
,ST,OYSTER BAY CHARDONNAY    750ML,WINE STILL WHITE,DELEGAT AUSTRALIA PTY LTD,794112,9415549801604,6,15.42,22.99,,
,ST,OYSTER BAY PINOT GRIS    750ML,WINE STILL WHITE,DELEGAT AUSTRALIA PTY LTD,417561,9415549816608,6,15.42,22.99,,
,DE,CHANDON GARDEN SPRITZ    750ML,WINE SPARKLING WHITE,MOET HENNESSY AUSTRALIA,340337,9315321001157,6,24.69,36.99,,
,HOUSE,TATACHILLA HOUSE SHZ CAB 750ML,WINE STILL RED,VINARCHY AUSTRALIA,572484,9313048600714,12,6.72,9.99,,
,BAY,CLOUDY BAY SAUV BLANC    750ML,WINE STILL WHITE,MOET HENNESSY AUSTRALIA,567353,9418408030016,6,42.94,62.99,,
,BAY,ATAWHAI BAY MBGH S/BLANC 750ML,WINE STILL WHITE,MEDITRINA BEVERAGES PL,822096,9313748034017,6,10.82,15.99,Y,
,TE,TEMPUS TWO VAR SAUV BLANC750ML,WINE STILL WHITE,AUSTRALIAN VINTAGE-DOMEST,568249,9315743502546,6,9.53,13.99,Y,
,HOUSE,TATACHILLA HOUSE CHARD   750ML,WINE STILL WHITE,VINARCHY AUSTRALIA,572442,9313048600738,12,6.72,9.99,,
,TATACHILLA,TATACHILLA MOSCATO KEG     30L,WINE KEGS,VINARCHY AUSTRALIA,998075,09890756,1,377.57,553.99,,
,TATACHILLA,TATACHILLA PINOT GRIGIO KEG30L,WINE KEGS,VINARCHY AUSTRALIA,998091,09890916,1,377.57,553.99,,
,TATACHILLA,TATACHILLA SHIRAZ KEG      30L,WINE KEGS,VINARCHY AUSTRALIA,391998,9313048107695,1,377.57,553.99,,
,TATACHILLA,TATACHILLA ROSE KEG        30L,WINE KEGS,VINARCHY AUSTRALIA,998122,09891227,1,377.57,553.99,,
,CHANDON,MOET CHANDON BRUT IMPERL  1.5L,WINE SPARKLING CHAMPAGNE,MOET HENNESSY AUSTRALIA,558566,3185370785249,3,171.64,251.99,,
,CHANDON,MOET CHANDON VINT GB     750ML,WINE SPARKLING CHAMPAGNE,MOET HENNESSY AUSTRALIA,687381,3185370769270,6,117.57,172.99,,
,CHANDON,MOET CHANDON NECT G/BOX  750ML,WINE SPARKLING CHAMPAGNE,MOET HENNESSY AUSTRALIA,887151,3185370769607,6,89.11,130.99,,
,CHANDON,MOET CHANDON ROSE G/BOX  750ML,WINE SPARKLING CHAMPAGNE,MOET HENNESSY AUSTRALIA,505961,3185370061503,6,86.37,126.99,,
,CHANDON,MOET CHANDON BRUT ROSE   750ML,WINE SPARKLING CHAMPAGNE,MOET HENNESSY AUSTRALIA,556506,3185370074831,6,84.17,123.99,,
,CHANDON,MOET CHANDON IMPER G/BOX 750ML,WINE SPARKLING CHAMPAGNE,MOET HENNESSY AUSTRALIA,789719,3185370763957,6,73.50,107.99,,
,CHANDON,MOET CHANDON BRUT NV     750ML,WINE SPARKLING CHAMPAGNE,MOET HENNESSY AUSTRALIA,535518,3185370729960,6,67.94,99.99,Y,
,CHANDON,MOET CHANDON IMPERIAL    200ML,WINE SPARKLING CHAMPAGNE,MOET HENNESSY AUSTRALIA PTY LIMITED,759777,3185370792902,24,27.46,40.99,,
,ST,DE BORTOLI ESTE CUVEE    750ML,WINE SPARKLING WHITE,DE BORTOLI WINES PTY LIMI,418703,9300752221342,6,19.11,28.99,,
,TE,TEMPUS TWO VAR BLC DE BLC750ML,WINE SPARKLING WHITE,AUSTRALIAN VINTAGE-DOMEST,527544,9315743502324,6,9.53,13.99,Y,
,TATACHILLA,TATACHILLA SPTZ TR C/NUT 750ML,WINE SPARKLING WHITE,VINARCHY AUSTRALIA,526247,9313048011442,6,8.90,13.99,Y,
,TATACHILLA,TATACHILLA SPTZ CIT F/LME750ML,WINE SPARKLING WHITE,VINARCHY AUSTRALIA,526271,9313048011107,6,8.90,13.99,Y,
,TATACHILLA,TATACHILLA WHIT ADML PROS750ML,WINE SPARKLING WHITE,VINARCHY AUSTRALIA,294735,9313048022349,6,7.34,10.99,Y,
,TATACHILLA,TATACHILLA BRUT          750ML,WINE SPARKLING WHITE,VINARCHY AUSTRALIA,572492,9313048600721,12,6.72,9.99,,
,DE,DEVILS LAIR DANCE C/SAUV 750ML,WINE STILL RED,TREASURY WINE ESTATES,276156,9310194002249,6,22.20,32.99,,
,DE,DEVILS LAIR H/CVE C/SHRZ 750ML,WINE STILL RED,TREASURY WINE ESTATES,542609,9310194001235,6,16.25,23.99,,
,DE,DEVILS LAIR 5TH LEG SHZ  750ML,WINE STILL RED,TREASURY WINE ESTATES,557248,9310194001532,6,9.17,13.99,Y,
,DE,DEVILS LAIR 5TH LEG RED  750ML,WINE STILL RED,TREASURY WINE ESTATES,555364,9310194102918,6,9.17,13.99,Y,
,ST,DE BORTOLI DEEN MASTER   750ML,WINE STILL RED,DE BORTOLI WINES PTY LIMI,292592,9300752011417,6,8.35,12.99,Y,
,TATACHILLA,TATACHILLA WHT ADML P/N  750ML,WINE STILL RED,VINARCHY AUSTRALIA,290472,9313048022110,6,7.34,10.99,Y,
,DE,DEVILS LAIR HNYBOMB ROSE 750ML,WINE STILL ROSE,TREASURY WINE ESTATES,945556,9310297013647,6,14.31,20.99,,
,DE,DEVILS LAIR 5TH LEG ROSE 750ML,WINE STILL ROSE,TREASURY WINE ESTATES,536996,9310194452143,6,9.17,13.99,Y,
,TATACHILLA,TATACHILLA WHIT ADML ROSE750ML,WINE STILL ROSE,VINARCHY AUSTRALIA,20542,9313048851819,6,7.34,10.99,Y,
,BAY,CLOUDY BAY TE KOKO       750ML,WINE STILL WHITE,MOET HENNESSY AUSTRALIA,807240,9418408040015,6,73.54,107.99,,
,DE,DEVILS LAIR MR CHARD     750ML,WINE STILL WHITE,TREASURY WINE ESTATES,561983,9310194102871,6,38.20,56.99,,
,BAY,BAY OF FIRES SAUV BLANC  750ML,WINE STILL WHITE,VINARCHY AUSTRALIA,787563,9311043067846,6,25.08,36.99,,
,DE,DEVILS LAIR DANCE CHARD  750ML,WINE STILL WHITE,TREASURY WINE ESTATES,276091,9310194002263,6,22.20,32.99,,
,DE,DEVILS LAIR H/CVE CHARD  750ML,WINE STILL WHITE,TREASURY WINE ESTATES,542594,9310194001211,6,16.25,23.99,,
,DE,DEVILS LAIR HNYBOMB CHARD750ML,WINE STILL WHITE,TREASURY WINE ESTATES,945357,9310194002461,6,14.31,20.99,,
,TE,EVANS & TATE W/C S/BLANC 750ML,WINE STILL WHITE,EVANS & TATE PTY LTD,836524,9352839000760,6,11.29,16.99,Y,
,BAY,OKIWI BAY SAUVIGNON BLANC750ML,WINE STILL WHITE,CALABRIA FAMILY WINES P/L,953897,9319020007366,12,10.38,15.99,Y,
,TE,TEMPUS TWO VAR VERDELHO  750ML,WINE STILL WHITE,AUSTRALIAN VINTAGE-DOMEST,783569,9315743500047,6,9.53,13.99,Y,
,DE,DEVILS LAIR 5TH LEG CHAR 750ML,WINE STILL WHITE,TREASURY WINE ESTATES,780781,9310194455458,6,9.17,13.99,Y,
,DE,DEVILS LAIR 5TH LEG WHT  750ML,WINE STILL WHITE,TREASURY WINE ESTATES,525678,9310194102925,6,9.17,13.99,Y,
,TATACHILLA,TATACHILLA WHIT ADML MOSC750ML,WINE STILL WHITE,VINARCHY AUSTRALIA,979445,9313048019226,6,7.34,10.99,Y,
,TATACHILLA,TATACHILLA WHT ADML S/BLC750ML,WINE STILL WHITE,VINARCHY AUSTRALIA,244840,9313048007988,6,7.34,10.99,Y,
,TATACHILLA,TATACHILLA WHT ADML P/GRI750ML,WINE STILL WHITE,VINARCHY AUSTRALIA,20916,9313048851802,6,7.34,10.99,Y,
,TATACHILLA,TATACHILLA SAUV BLANC OP 750ML,WINE STILL WHITE,VINARCHY AUSTRALIA,471675,9313048600783,12,6.72,9.99,,
,TE,GLADES WATERMELON LIQ    700ML,WINE BASED SCHNAPPS,DIVAS BEVERAGES AUSTRALIA,339404,9349658009210,6,10.74,15.99,Y,
,DE,GLADES ORANGE LIQUEUR    700ML,WINE BASED SCHNAPPS,DIVAS BEVERAGES AUSTRALIA,188497,9331772020011,6,10.74,15.99,Y,
,ST,GLADES STRAWBERRY LIQUEUR700ML,WINE BASED SCHNAPPS,DIVAS BEVERAGES AUSTRALIA,188484,9331772020066,6,10.74,15.99,Y,
,SQUEALING,SQUEALING PIG S/BLANC KEG  30L,WINE KEGS,TREASURY WINE ESTATES,468737,04687375,1,646.40,948.99,,
,MUD,MUD HOUSE SAUV BLANC KEG   30L,WINE KEGS,VINARCHY AUSTRALIA,913067,09130678,1,546.17,801.99,,
,TE,TEMPUS TWO COPP MOSCATO  750ML,WINE MOSCATO,AUSTRALIAN VINTAGE-DOMEST,891922,9315743501983,6,18.54,27.99,,
,LA,LA VIEILLE FERME SPK ROSE750ML,WINE SPARKLING ROSE,SAMUEL SMITH & SON,286423,3296184020379,6,19.17,28.99,,
,ST,KNAPPSTEIN CV SPK ROSE   750ML,WINE SPARKLING ROSE,KNAPPSTEIN WINES,195410,9312217000270,6,18.86,27.99,Y,
,MOUNT,MOUNT LAWSON ROSE CUVEE  750ML,WINE SPARKLING ROSE,BUNNAMAGOO ESTATE,352481,9338153004004,12,13.12,19.99,,
,TE,TEMPUS TWO VAR BRUT ROSE 750ML,WINE SPARKLING ROSE,AUSTRALIAN VINTAGE-DOMEST,239992,9315743502843,6,9.53,13.99,Y,
,CHANDON,CHANDON VINT BRUT        750ML,WINE SPARKLING WHITE,MOET HENNESSY AUSTRALIA,540123,9315321001782,6,39.12,57.99,Y,
,BAY,CLOUDY BAY PELORUS NV    750ML,WINE SPARKLING WHITE,MOET HENNESSY AUSTRALIA,774138,9418408010018,6,37.35,54.99,,
,CHANDON,CHANDON CUVEE RICHE      750ML,WINE SPARKLING WHITE,MOET HENNESSY AUSTRALIA,566153,9315321775416,6,33.68,49.99,,
,CHANDON,CHANDON BRUT ROSE NV     750ML,WINE SPARKLING WHITE,MOET HENNESSY AUSTRALIA,504494,9315321934110,6,23.41,34.99,Y,
,CHANDON,CHANDON BRUT NV          750ML,WINE SPARKLING WHITE,MOET HENNESSY AUSTRALIA,794984,9315321200000,6,23.41,34.99,Y,
,LA,LA VIEILLE FERMESPK BLANC750ML,WINE SPARKLING WHITE,SAMUEL SMITH & SON,296834,3296184020386,6,19.17,28.99,,
,ST,KNAPPSTEIN SPK PINOT GRIS750ML,WINE SPARKLING WHITE,KNAPPSTEIN WINES,491308,9312217000614,6,18.86,27.99,Y,
,TE,TEMPUS TWO COPP PROSECCO 750ML,WINE SPARKLING WHITE,AUSTRALIAN VINTAGE-DOMEST,705223,9315743502621,6,18.54,27.99,,
,TE,TEMPUS TWO L/UP PROSECCO 750ML,WINE SPARKLING WHITE,AUSTRALIAN VINTAGE-DOMEST,275244,9315743504069,6,13.76,20.99,,
,MOUNT,MOUNT LAWSON CUVEE SPRK  750ML,WINE SPARKLING WHITE,BUNNAMAGOO ESTATE,523964,9338153004011,12,12.74,18.99,,
,ST,ANGOVE OP PROSECCO STELV750ML,WINE SPARKLING WHITE,VINTAGE HOUSE WINE & SPIR,573943,9300694003518,6,12.00,17.99,,
,TE,TEMPUS TWO VAR PROSECCO 750ML,WINE SPARKLING WHITE,AUSTRALIAN VINTAGE-DOMEST,748828,9315743503543,6,9.53,13.99,Y,
,ST,BAY OF STONES OP BRUT NV 750ML,WINE SPARKLING WHITE,VINARCHY AUSTRALIA,516941,9311043406010,6,6.43,9.99,,
,BAY,CLOUDY BAY PINOT NOIR    750ML,WINE STILL RED,MOET HENNESSY AUSTRALIA PTY LIMITED,558558,9418408080011,6,54.94,80.99,,
,ST,HENSCHKE KEYNETON ESTATE 750ML,WINE STILL RED,JOVAL WINE GROUP PTY LTD,511653,9320909001306,6,46.51,68.99,,
,WYNNS,WYNNS BLACK LBL SHZ 19   750ML,WINE STILL RED,TREASURY WINE ESTATES,388995,9300620002929,6,28.09,41.99,Y,
,ST,TWO HANDS SEXYBEAST CSAUV750ML,WINE STILL RED,JOVAL WINE GROUP PTY LTD,972472,9331727017370,12,22.46,32.99,,
,VILLA,VILLA MARIA PB PNT NOIR  750ML,WINE STILL RED,CALABRIA FAMILY WINES P/L,559928,9414416508158,6,20.87,30.99,,
,TE,TEMPUS TWO COPP SHIRAZ   750ML,WINE STILL RED,AUSTRALIAN VINTAGE-DOMEST,192784,9315743502492,6,18.54,27.99,,
,ST,KNAPPSTEIN CV SHIRAZ     750ML,WINE STILL RED,KNAPPSTEIN WINES,785537,9312217098000,6,15.72,23.99,Y,
,ST,KNAPPSTEIN CV CAB SAUV   750ML,WINE STILL RED,KNAPPSTEIN WINES,505644,9312217000331,6,15.72,23.99,Y,
,ST,KNAPPSTEIN CV MALBEC     750ML,WINE STILL RED,KNAPPSTEIN WINES,221711,9312217000706,6,15.72,23.99,Y,
,TE,JIM BARRY WATERVALE SHZ  750ML,WINE STILL RED,SAMUEL SMITH & SON,245922,9314487000967,6,15.60,22.99,Y,
,TE,BROWN BRO CLASSI TEMPRA  750ML,WINE STILL RED,BROWN FAMILY WINE GROUP,714002,9311124403136,6,13.58,19.99,,
,TE,DE BORTOLI WOODFD TEMPLLO750ML,WINE STILL RED,DE BORTOLI WINES PTY LIMI,604309,9300752051796,6,13.35,19.99,Y,
,LA,LA VIEILLE FERME ROUGE   750ML,WINE STILL RED,SAMUEL SMITH & SON,576616,3296180005387,12,13.18,19.99,Y,
,TE,TEMPUS TWO L/UP P/NOIR   750ML,WINE STILL RED,AUSTRALIAN VINTAGE-DOMEST,275278,9315743504052,6,13.08,19.99,,
,MOUNT,MOUNT LAWSON MERLOT      750ML,WINE STILL RED,BUNNAMAGOO ESTATE,524350,9338153004035,12,12.74,18.99,,
,MOUNT,MOUNT LAWSON CAB SAUV    750ML,WINE STILL RED,BUNNAMAGOO ESTATE,881333,9338153004066,12,12.74,18.99,,
,MOUNT,MOUNT LAWSON SHIRAZ      750ML,WINE STILL RED,BUNNAMAGOO ESTATE,523980,9338153004042,12,12.74,18.99,,
,BAY,ATAWHAI BAY CENOTG P/NOIR750ML,WINE STILL RED,MEDITRINA BEVERAGES PL,476785,9313748034499,6,11.77,17.99,,
,ANNIES,ANNIES LANE CAB MERLOT   750ML,WINE STILL RED,TREASURY WINE ESTATES,549606,9300770000042,6,11.05,16.99,Y,
,ANNIES,ANNIES LANE SHIRAZ       750ML,WINE STILL RED,TREASURY WINE ESTATES,564347,9300770000059,6,11.05,16.99,Y,
,TE,TEMPUS TWO VAR TEMP/ILLO 750ML,WINE STILL RED,AUSTRALIAN VINTAGE-DOMEST,641953,9315743503659,6,9.53,13.99,Y,
,TE,TEMPUS TWO VAR CAB MERL  750ML,WINE STILL RED,AUSTRALIAN VINTAGE-DOMEST,758289,9315743501273,6,9.53,13.99,Y,
,TE,TEMPUS TWO VAR CAB SAUV 750ML,WINE STILL RED,AUSTRALIAN VINTAGE-DOMEST,748831,9315743503451,6,9.53,13.99,Y,
,TE,TEMPUS TWO VAR PINOT NOIR750ML,WINE STILL RED,AUSTRALIAN VINTAGE-DOMEST,275260,9315743504168,6,9.53,13.99,Y,
,TE,TEMPUS TWO VAR MERLOT    750ML,WINE STILL RED,AUSTRALIAN VINTAGE-DOMEST,779594,9315743501761,6,9.53,13.99,Y,
,TE,TEMPUS TWO VAR SHIRAZ    750ML,WINE STILL RED,AUSTRALIAN VINTAGE-DOMEST,783577,9315743500412,6,9.53,13.99,Y,
,TE,EVAN&TATE CLASSIC SHIRAZ 750ML,WINE STILL RED,EVANS & TATE PTY LTD,753912,9352839001408,6,9.40,13.99,,
,TE,EVAN&TATE CLASSIC C/MERL 750ML,WINE STILL RED,EVANS & TATE PTY LTD,548011,9352839001118,6,9.40,13.99,,
,TE,TEMPUS TWO SIL MERLOT    750ML,WINE STILL RED,AUSTRALIAN VINTAGE-DOMEST,676589,9310415016246,6,8.44,12.99,,
,TE,TEMPUS TWO SIL CAB SAUV  750ML,WINE STILL RED,AUSTRALIAN VINTAGE-DOMEST,676547,9310415016239,6,8.44,12.99,,
,TE,TEMPUS TWO SIL SHIRAZ   750ML,WINE STILL RED,AUSTRALIAN VINTAGE-DOMEST,672750,9310415016260,6,8.44,12.99,,
,LA,LA VIEILLE FERME ROUGE   375ML,WINE STILL RED,SAMUEL SMITH & SON,939851,3296180000085,12,8.12,11.99,,
,TURKEY,TURKEY FLAT ROSE         750ML,WINE STILL ROSE,DOMAINE WINE SHIPPERS P/L,770980,9329967000153,6,23.07,33.99,,
,ST,KNAPPSTEIN CV ROSE 750ML,WINE STILL ROSE,KNAPPSTEIN WINES,279968,9312217000263,6,15.20,22.99,Y,
,LA,LA VIEILLE FERME ROSE    750ML,WINE STILL ROSE,SAMUEL SMITH & SON,501970,3296180000146,12,13.18,19.99,Y,
,MOUNT,MOUNT LAWSON ROSE        750ML,WINE STILL ROSE,BUNNAMAGOO ESTATE,524368,9338153004080,12,12.74,18.99,,
,VILLA,VILLA MARIA PB ROSE      750ML,WINE STILL ROSE,CALABRIA FAMILY WINES P/L,562769,9414416219108,6,11.74,17.99,Y,
,TE,TEMPUS TWO VAR ROSE      750ML,WINE STILL ROSE,AUSTRALIAN VINTAGE-DOMEST,486280,9315743503093,6,9.53,13.99,Y,
,TE,TEMPUS TWO SIL ROSE      750ML,WINE STILL ROSE,AUSTRALIAN VINTAGE-DOMEST,974880,0764253952584,6,8.44,12.99,,
,BAY,CLOUDY BAY CHARDONNAY    750ML,WINE STILL WHITE,MOET HENNESSY AUSTRALIA,558176,9418408050014,6,48.09,70.99,,
,SHAW,SHAW & SMITH SAUV BLANC  750ML,WINE STILL WHITE,JOVAL WINE GROUP PTY LTD,542418,9316770611027,12,25.27,37.99,,
,TE,TEMPUS TWO COPP WLD CHRD 750ML,WINE STILL WHITE,AUSTRALIAN VINTAGE (DOMESTIC) PTY LTD,556881,9315743501891,6,18.54,27.99,,
,DE,DEVILS CORNER S/BLANC    750ML,WINE STILL WHITE,BROWN FAMILY WINE GROUP,945111,9325814006248,6,18.20,26.99,Y,
,DE,SIDEWOOD AH SAUV BLANC   750ML,WINE STILL WHITE,SAMUEL SMITH & SON,536462,9342333000120,6,17.51,25.99,Y,
,TE,JIM BARRY WATERVALE RIES 750ML,WINE STILL WHITE,SAMUEL SMITH & SON,532162,9314487407001,6,15.60,22.99,Y,
,ST,KNAPPSTEIN CV PINOT GRIS 750ML,WINE STILL WHITE,KNAPPSTEIN WINES,283051,9312217000584,6,15.20,22.99,Y,
,ST,KNAPPSTEIN CV RIESLING   750ML,WINE STILL WHITE,KNAPPSTEIN WINES,532798,9312217011917,6,15.20,22.99,Y,
,ST,KNAPPSTEIN CV CHARD      750ML,WINE STILL WHITE,KNAPPSTEIN WINES,280003,9355416000634,6,15.20,22.99,Y,
,MATA,ATMATA ORGANIC SAUV BLANC750ML,WINE STILL WHITE,CASELLA WINES PTY LTD,375002,9322214015573,6,14.66,21.99,,
,MUD,MUD HOUSE SUB REG S/BLANC750ML,WINE STILL WHITE,VINARCHY AUSTRALIA,949872,9421018071294,6,14.45,21.99,,
,ST,TAYLORS EST SAUV BLANC   750ML,WINE STILL WHITE,TAYLORS WINES PTY LTD,565717,9311659000848,6,13.55,19.99,Y,
,SQUEALING,SQUEALING PIG MID S/BLANC750ML,WINE STILL WHITE,TREASURY WINE ESTATES,450522,9415305003891,6,13.24,19.99,Y,
,SQUEALING,SQUEALING PIG SAUV BLANC 750ML,WINE STILL WHITE,TREASURY WINE ESTATES,508744,9415305127092,6,13.24,19.99,Y,
,MOUNT,MOUNT LAWSON SSB         750ML,WINE STILL WHITE,BUNNAMAGOO ESTATE,523998,9338153004097,12,12.74,18.99,,
,MOUNT,MOUNT LAWSON CHARDONNAY  750ML,WINE STILL WHITE,BUNNAMAGOO ESTATE,523972,9338153004028,12,12.74,18.99,,
,LA,WILD OATS SAV BLANC      750ML,WINE STILL WHITE,OATLEY FINE WINE MERCHANT,520314,9338053001080,6,12.61,18.99,Y,
,MUD,MUD HOUSE SAUV BLANC     750ML,WINE STILL WHITE,VINARCHY AUSTRALIA,534017,9421018070013,6,11.74,17.99,Y,
,VILLA,VILLA MARIA PB SAUV BLNC 750ML,WINE STILL WHITE,CALABRIA FAMILY WINES P/L,557308,9414416305528,6,11.74,17.99,Y,
,VILLA,VILLA MARIA PB PNT GRIS  750ML,WINE STILL WHITE,CALABRIA FAMILY WINES P/L,563058,9414416508356,6,11.74,17.99,Y,
,VILLA,VILLA MARIA PB CHARD     750ML,WINE STILL WHITE,CALABRIA FAMILY WINES P/L,556946,9414416501876,6,11.74,17.99,Y,
,ANNIES,ANNIES LANE SEM SAV BLNC 750ML,WINE STILL WHITE,TREASURY WINE ESTATES,528757,9300770043117,6,11.05,16.99,Y,
,ANNIES,ANNIES LANE RIESLING     750ML,WINE STILL WHITE,TREASURY WINE ESTATES,549591,9300770000028,6,11.05,16.99,Y,
,ANNIES,ANNIES LANE CHARDONNAY   750ML,WINE STILL WHITE,TREASURY WINE ESTATES,548757,9300770000035,6,11.05,16.99,Y,
,TE,MCWILLIAMS TERRA S/BLANC 750ML,WINE STILL WHITE,CALABRIA FAMILY WINES P/L,429940,9311769007201,6,10.76,15.99,,
,ST,STONELEIGH LGTR S/BLANC  750ML,WINE STILL WHITE,VINARCHY AUSTRALIA,644663,9311043400353,6,9.95,14.99,Y,
,ST,STONELEIGH MARLB S/BLANC 750ML,WINE STILL WHITE,VINARCHY AUSTRALIA,599392,9311043403064,6,9.95,14.99,Y,
,TE,TEMPUS TWO VAR SSB       750ML,WINE STILL WHITE,AUSTRALIAN VINTAGE-DOMEST,783593,9315743500856,6,9.53,13.99,Y,
,TE,TEMPUS TWO VAR CHARD     750ML,WINE STILL WHITE,AUSTRALIAN VINTAGE-DOMEST,783585,9315743500009,6,9.53,13.99,Y,
,TE,TEMPUS TWO VAR P/GRIGIO  750ML,WINE STILL WHITE,AUSTRALIAN VINTAGE-DOMEST,510018,9315743502676,6,9.53,13.99,Y,
,TE,EVAN&TATE CLASSIC S/BLNC 750ML,WINE STILL WHITE,EVANS & TATE PTY LTD,570898,9352839001026,6,9.40,13.99,,
,TE,EVAN&TATE CLASSIC WHITE  750ML,WINE STILL WHITE,EVANS & TATE PTY LTD,526705,9352839001200,6,9.40,13.99,,
,DE,DE BORTOLI W/PEAK S/BLANC750ML,WINE STILL WHITE,DE BORTOLI WINES PTY LIMI,493486,9300752211978,6,9.39,13.99,Y,
,TE,TEMPUS TWO SIL SAUV BLNC 750ML,WINE STILL WHITE,AUSTRALIAN VINTAGE-DOMEST,673183,9310415016758,6,8.44,12.99,,
,TE,TEMPUS TWO SIL CHARD     750ML,WINE STILL WHITE,AUSTRALIAN VINTAGE-DOMEST,974872,9310415018233,6,8.44,12.99,,
,TE,TEMPUS TWO SIL PINOT GRIS750ML,WINE STILL WHITE,AUSTRALIAN VINTAGE-DOMEST,672747,9310415016253,6,8.44,12.99,,
,DE,DE BORTOLI DEEN S/BLANC  750ML,WINE STILL WHITE,DE BORTOLI WINES PTY LIMI,529850,9300752010281,6,8.35,12.99,Y,
,CREEK,IRON BARK CREEK SAUV BLANC1.5L,WINE STILL WHITE,BERTON VINEYARDS P/L,488017,9335966006157,6,8.08,11.99,Y,
,BANROCK,BANROCK STN SAUV BLANC      1L,WINE STILL WHITE,VINARCHY AUSTRALIA,568927,9311043766459,6,8.02,11.99,Y,
,ST,DEAKIN EST SAUV BLANC    750ML,WINE STILL WHITE,OATLEY FINE WINE MERCHANT,532447,9319020011455,12,7.76,11.99,Y,
,ST,STONEGATE SAUV BLANC     750ML,WINE STILL WHITE,VINTAGE HOUSE WINE & SPIR,928376,9300694001088,12,7.70,11.99,,
,YELLOW,YELLOWTAIL SAUV BLANC    750ML,WINE STILL WHITE,CASELLA WINES PTY LTD,512418,9322214011520,12,7.35,10.99,Y,
,HARDYS,HARDYS VR SEM SAUV BLANC    1L,WINE STILL WHITE,VINARCHY AUSTRALIA,931989,9311043767135,6,6.91,10.99,Y,
,HARDYS,HARDYS VR SAUV BLANC        1L,WINE STILL WHITE,VINARCHY AUSTRALIA,539224,9311043090486,6,6.91,10.99,Y,
,DE,GLADES BLUE CTRS LIQUEUR 700ML,WINE BASED SCHNAPPS,DIVAS BEVERAGES AUSTRALIA,188510,9331772020035,6,10.74,15.99,Y,
,DE,GLADES PEACH LIQUEUR     700ML,WINE BASED SCHNAPPS,DIVAS BEVERAGES AUSTRALIA,188442,9331772020042,6,10.74,15.99,Y,
,DE,GLADES MANGO LIQUEUR     700ML,WINE BASED SCHNAPPS,DIVAS BEVERAGES AUSTRALIA,338699,9349658009227,6,10.74,15.99,Y,
,DE,GLADES COCONUT LIQUEUR   700ML,WINE BASED SCHNAPPS,DIVAS BEVERAGES AUSTRALIA,335243,9369999052836,6,10.74,15.99,Y,
,DE,GLADES MELON LIQUEUR     700ML,WINE BASED SCHNAPPS,DIVAS BEVERAGES AUSTRALIA,188463,9331772020059,6,10.74,15.99,Y,
,DE,GLADES COFFEE LIQUEUR    700ML,WINE BASED SCHNAPPS,DIVAS BEVERAGES AUSTRALIA,398372,9349658001009,6,10.74,15.99,Y,
,DE,GLADES BL LIQUORICE LIQ  700ML,WINE BASED SCHNAPPS,DIVAS BEVERAGES AUSTRALIA,458517,9349658009203,6,10.74,15.99,Y,
,DE,GLADES LYCHEE LIQUEUR    700ML,WINE BASED SCHNAPPS,DIVAS BEVERAGES AUSTRALIA,426387,9349658009081,6,10.74,15.99,Y,
,DE,GLADES B/SCOTCH LIQUEUR  700ML,WINE BASED SCHNAPPS,DIVAS BEVERAGES AUSTRALIA,188502,9331772020028,6,10.74,15.99,Y,
,LA,ANGOVE NZ SAUVBLANC KEG    30L,WINE KEGS,VINTAGE HOUSE WINE & SPIR,452079,9300694001668,1,523.47,767.99,,
,BROWN,BROWN BRO MOSCATO S/BLANC750ML,WINE MOSCATO,BROWN FAMILY WINE GROUP,580005,9311124400166,6,11.69,17.99,Y,
,BLASS,W/BLASS YEL LBL MOSCATO  750ML,WINE MOSCATO,TREASURY WINE ESTATES,979071,9312088451621,6,8.52,12.99,Y,
,BLASS,W/BLASS RED LBL MOSC PNK 750ML,WINE MOSCATO,TREASURY WINE ESTATES,542049,9312088001826,6,6.05,8.99,Y,
,BLASS,W/BLASS RED LBL TWNY PRT 750ML,WINE PORT,TREASURY WINE ESTATES,506307,9312088000164,6,6.05,8.99,Y,
,PERRIER,PERRIER JOUET GRAND BRUT 750ML,WINE SPARKLING CHAMPAGNE,PERNOD RICARD AUST P/L,711397,3113880105110,6,81.71,119.99,Y,
,DE,DE BORTOLI WOODF SHZ CUV 750ML,WINE SPARKLING RED,DE BORTOLI WINES PTY LIMI,183057,9300752052335,6,13.35,19.99,Y,
,TE,TEMPUS 3 SPARKLING ROSE  750ML,WINE SPARKLING ROSE,AUSTRALIAN VINTAGE (DOMESTIC) PTY LTD,323131,9315743504861,6,15.28,22.99,,
,SQUEALING,SQUEALING PIG SPARK ROSE 750ML,WINE SPARKLING ROSE,TREASURY WINE ESTATES,847805,9415305000593,6,13.24,19.99,Y,
,DE,CROSER NV BLANC DE BLANC 750ML,WINE SPARKLING WHITE,VINARCHY AUSTRALIA,486044,9338979828976,6,28.11,41.99,,
,PARK,LAMBROOK SPARK SPK P/NOIR750ML,WINE SPARKLING WHITE,VINTAGE HOUSE WINE & SPIRITS,640724,9346847000034,6,18.81,27.99,,
,VILLA,VILLA JOLANDA PROSECCO   750ML,WINE SPARKLING WHITE,VINTAGE HOUSE WINE & SPIR,514567,8004385030173,6,18.81,27.99,,
,DE,SIDEWOOD SPARK P/CHARD   750ML,WINE SPARKLING WHITE,SAMUEL SMITH & SON,714829,9342333001783,6,17.51,25.99,Y,
,MATA,ATMATA ORGANIC SPARKLING 750ML,WINE SPARKLING WHITE,CASELLA WINES PTY LTD,436599,9322214016532,6,14.66,21.99,,
,BROWN,BROWN BRO CLASSI PROSEC  750ML,WINE SPARKLING WHITE,BROWN FAMILY WINE GROUP,341744,9311124403600,6,13.58,19.99,,
,GIESEN,GIESEN SAUV BLANC SPRITZ 750ML,WINE SPARKLING WHITE,OATLEY FINE WINE MERCHANT,373107,9416040003917,6,12.53,18.99,Y,
,DE,SARI BLANC DE NOIR BRUT  750ML,WINE SPARKLING WHITE,FOURTH WAVE WINE PARTNERS,540495,9344154025115,6,10.54,15.99,,
,PARK,19 CRIMES SPARKLING      750ML,WINE SPARKLING WHITE,TREASURY WINE ESTATES,995205,9311220010931,6,8.55,12.99,Y,
,BLASS,W/BLASS BILYARA SPK BRUT 750ML,WINE SPARKLING WHITE,TREASURY WINE ESTATES,786787,9312088351556,12,7.92,11.99,,
,YELLOW,YELLOWTAIL LT&BRT SPARK  750ML,WINE SPARKLING WHITE,CASELLA WINES PTY LTD,387999,9322214015412,12,7.35,10.99,Y,
,VILLA,VILLA JOLANDA PROSECCO   200ML,WINE SPARKLING WHITE,VINTAGE HOUSE WINE & SPIR,579326,8004385031507,24,7.26,10.99,,
,BAY,MORGANS BAY RES SPKG CUV 750ML,WINE SPARKLING WHITE,TREASURY WINE ESTATES,522633,9311220001915,6,6.34,9.99,,
,BLASS,W/BLASS RED LBL CHD PNT  750ML,WINE SPARKLING WHITE,TREASURY WINE ESTATES,542840,9312088351006,6,6.05,8.99,Y,
,DE,DE BORTOLI WOODFIRED MAG SHZ3L,WINE STILL RED,DE BORTOLI WINES PTY LIMI,472228,9300752050249,1,82.80,121.99,,
,ST,ST HALLETT BLACKWELL SHZ 750ML,WINE STILL RED,VINARCHY AUSTRALIA,544020,9316920018577,6,52.45,76.99,,
,BAY,BAY OF FIRES PINOT NOIR  750ML,WINE STILL RED,VINARCHY AUSTRALIA,504884,9311043004308,6,46.89,68.99,,
,WYNNS,WYNNS BLACK LBL C/SHZ 24 750ML,WINE STILL RED,TREASURY WINE ESTATES,500063,9300620008051,6,32.87,48.99,,
,WYNNS,WYNNS BLACK LBL SHZ 24   750ML,WINE STILL RED,TREASURY WINE ESTATES,502405,9300620006248,6,28.09,41.99,Y,
,WYNNS,WYNNS BLACK LBL C/SAUV24 750ML,WINE STILL RED,TREASURY WINE ESTATES,501792,9300620007580,6,28.09,41.99,Y,
,WYNNS,WYNNS BLACK LBL C/SAVS21 750ML,WINE STILL RED,TREASURY WINE ESTATES,261449,9300620003452,6,28.09,41.99,Y,
,BLASS,W/BLASS GRY LBL CAB SHZ  750ML,WINE STILL RED,TREASURY WINE ESTATES,303487,9312088002090,6,25.02,36.99,Y,
,BLASS,W/BLASS GRY LBL SHIRAZ   750ML,WINE STILL RED,TREASURY WINE ESTATES,586682,9312088421556,6,25.02,36.99,Y,
,BAY,HAMELIN BAY W SHIRAZ     750ML,WINE STILL RED,VINTAGE HOUSE WINE & SPIR,418761,9321597000060,12,22.23,32.99,,
,BAY,HAMELIN BAY W CAB SAUV   750ML,WINE STILL RED,VINTAGE HOUSE WINE & SPIR,431379,9321597000053,12,22.23,32.99,,
,ST,BUNNAMAGOO ESTATE TEMPRLO750ML,WINE STILL RED,BUNNAMAGOO ESTATE,803380,9338153001041,12,20.75,30.99,,
,LA,CALABRIA BRO SHIRAZ      750ML,WINE STILL RED,CALABRIA FAMILY WINES P/L,585568,9319020005102,6,19.94,29.99,,
,SEPPELT,SEPPELT CHALAMBAR SHIRAZ 750ML,WINE STILL RED,TREASURY WINE ESTATES,527476,9310194002164,6,19.88,29.99,,
,LANGMEIL,LANGMEIL PRIME CUT SHIRAZ750ML,WINE STILL RED,NEGOCIANTS AUSTRALIA,419050,0667800351000,6,18.73,27.99,,
,ST,ZONZO ESTATE PINOT NOIR  750ML,WINE STILL RED,ZONZO ESTATE,833055,9354864001477,6,18.62,27.99,Y,
,ST,PIKES EASTSIDE SHIRAZ    750ML,WINE STILL RED,OATLEY FINE WINE MERCHANT,527434,9315825005026,6,18.62,27.99,Y,
,LA,CALABRIA 3 BRIDGE SHIRAZ 750ML,WINE STILL RED,CALABRIA FAMILY WINES P/L,770370,9319020000411,6,18.44,27.99,,
,LA,CALABRIA 3 BRIDGE DURIF  750ML,WINE STILL RED,CALABRIA FAMILY WINES P/L,530932,9319020000626,6,18.44,27.99,,
,LA,CALABRIA 3 BRIDGE C/SAUV 750ML,WINE STILL RED,CALABRIA FAMILY WINES P/L,770100,9319020000244,6,18.44,27.99,,
,BAY,HAMELIN BAY W RAMPNT RED 750ML,WINE STILL RED,VINTAGE HOUSE WINE & SPIR,418774,9321597000091,12,17.81,26.99,,
,ST,LEOGATE B/CLUSTER SHIRAZ 750ML,WINE STILL RED,LEOGATE ESTATE WINES PTY.,389030,9351518000787,6,17.21,25.99,Y,
,ST,ANGOVE FCREST MCV TEMP   750ML,WINE STILL RED,VINTAGE HOUSE WINE & SPIR,149430,9300694001910,6,17.00,24.99,,
,ST,BAROSSA VLY ESTATE GSM   750ML,WINE STILL RED,DELEGAT AUSTRALIA PTY LTD,150347,9311347003120,6,16.29,23.99,Y,
,ST,BAROSSA VLY ESTATE C/SAV 750ML,WINE STILL RED,DELEGAT AUSTRALIA PTY LTD,150410,9311347003113,6,16.29,23.99,Y,
,ST,BAROSSA VLY ESTATE SHZ   750ML,WINE STILL RED,DELEGAT AUSTRALIA PTY LTD,150355,9311347003106,6,16.29,23.99,Y,
,LAIR,BRANDS LAIRA BLOCKER SHZ 750ML,WINE STILL RED,OATLEY FINE WINE MERCHANT,845552,9322214013470,6,15.71,23.99,,
,LAIR,BRANDS LAIRA BLOCKER C/S 750ML,WINE STILL RED,OATLEY FINE WINE MERCHANT,520741,9322214016914,6,15.71,23.99,,
,ST,RUTHERG ESTATE DURIF     750ML,WINE STILL RED,DE BORTOLI WINES PTY LIMI,721407,9331285001231,6,15.39,22.99,,
,ST,RUTHERG ESTATE SHIRAZ SC 750ML,WINE STILL RED,DE BORTOLI WINES PTY LIMI,690821,9300752120621,6,15.39,22.99,,
,ST,RUTHERG ESTATE TEMPRAN SC750ML,WINE STILL RED,DE BORTOLI WINES PTY LIMI,691864,9300752120669,6,15.39,22.99,,
,TE,DE BORTOLI ONELINE TEMPRA750ML,WINE STILL RED,DE BORTOLI WINES PTY LIMITED,170473,9300752052038,6,14.95,21.99,,
,LANE,AMBERLEY S/LANE CAB MERL 750ML,WINE STILL RED,VINARCHY AUSTRALIA,508100,9316176013029,6,14.35,21.99,,
,BROWN,BROWN BRO CLASSI SHIRAZ  750ML,WINE STILL RED,BROWN FAMILY WINE GROUP,341948,9311124403822,6,13.58,19.99,,
,BROWN,BROWN BRO CLASSI CABSAV  750ML,WINE STILL RED,BROWN FAMILY WINE GROUP,341833,9311124403846,6,13.58,19.99,,
,ST,TAYLORS EST TEMPRANILLO  750ML,WINE STILL RED,TAYLORS WINES PTY LTD,530068,9311659000077,6,13.55,19.99,Y,
,DE,DE BORTOLI WOODFIRED GRN 750ML,WINE STILL RED,DE BORTOLI WINES PTY LIMI,205574,9300752051406,6,13.35,19.99,Y,
,DE,DE BORTOLI WOODFIRED C/S 750ML,WINE STILL RED,DE BORTOLI WINES PTY LIMI,724353,9300752050614,6,13.35,19.99,Y,
,DE,DE BORTOLI WOODFIRED SHZ 750ML,WINE STILL RED,DE BORTOLI WINES PTY LIMI,658989,9300752050126,6,13.35,19.99,Y,
,BROWN,BROWN BRO CLASSI P/NOIR  750ML,WINE STILL RED,BROWN FAMILY WINE GROUP,427817,9311124001585,6,13.34,19.99,,
,SQUEALING,SQUEALING PIG ES TEMP    750ML,WINE STILL RED,TREASURY WINE ESTATES,270024,9415305002009,6,13.24,19.99,Y,
,BLASS,W/BLASS PRIV REL MERLOT  750ML,WINE STILL RED,TREASURY WINE ESTATES,851249,9312088007521,6,12.96,19.99,,
,BLASS,W/BLASS PRIV REL SHIRAZ  750ML,WINE STILL RED,TREASURY WINE ESTATES,572777,9312088002892,6,12.96,19.99,,
,TE,PALADINO MONTEPULCIANO   750ML,WINE STILL RED,VINTAGE HOUSE WINE & SPIR,424872,8005286027460,12,11.90,17.99,,
,TE,CAMPO VIEJO TEMPRANILLO  750ML,WINE STILL RED,VINARCHY AUSTRALIA,35500,8410302106300,6,11.81,17.99,Y,
,ST,CRIMSON MONSTER SHIRAZ 750ML,WINE STILL RED,FOURTH WAVE WINE PARTNERS,368416,9344154020172,6,11.59,16.99,,
,ST,MT MONSTER CAB SAUV      750ML,WINE STILL RED,MORAMBRO CREEK P/L,523906,9327847008558,12,11.44,16.99,,
,ST,MT MONSTER SHIRAZ        750ML,WINE STILL RED,MORAMBRO CREEK P/L,523875,9327847007551,12,11.44,16.99,,
,TE,EVANS & TATE W/C C/SAUV  750ML,WINE STILL RED,EVANS & TATE PTY LTD,835955,9352839000722,6,11.29,16.99,Y,
,ST,ST HALLETT BLK CLAY C/SAV750ML,WINE STILL RED,VINARCHY AUSTRALIA,438046,9316920009988,6,10.27,15.99,Y,
,ST,ST HALLETT BLK CLAY SHZ 750ML,WINE STILL RED,VINARCHY AUSTRALIA,578553,9316920415338,6,10.27,15.99,Y,
,BLASS,W/BLASS YEL LBL SHIRAZ   750ML,WINE STILL RED,TREASURY WINE ESTATES,566690,9312088451607,6,8.52,12.99,Y,
,BLASS,W/BLASS YEL LBL CAB SAUV 750ML,WINE STILL RED,TREASURY WINE ESTATES,523715,9312088411892,6,8.52,12.99,Y,
,BLASS,W/BLASS YEL LBL PNT NOIR 750ML,WINE STILL RED,TREASURY WINE ESTATES,518561,9312088001253,6,8.52,12.99,Y,
,BLASS,W/BLASS YEL LBL MERLOT   750ML,WINE STILL RED,TREASURY WINE ESTATES,791821,9312088415944,6,8.52,12.99,Y,
,TE,MARQUES DE TEZONA TEMPRN 750ML,WINE STILL RED,FOURTH WAVE WINE PARTNERS,557191,8425132300002,12,8.11,11.99,Y,
,TE,HARTOGS PLATE CAB MER OP 750ML,WINE STILL RED,TREASURY WINE ESTATES,567528,9310194001730,6,8.05,11.99,,
,BLASS,W/BLASS BILYARA SHIRAZ   750ML,WINE STILL RED,TREASURY WINE ESTATES,521878,9312088000133,12,7.92,11.99,,
,BAY,MORGANS BAY RES SHZ CAB  750ML,WINE STILL RED,TREASURY WINE ESTATES,522617,9311220001878,6,6.34,9.99,,
,BAY,MORGANS BAY RES CAB MER  750ML,WINE STILL RED,TREASURY WINE ESTATES,522625,9311220001892,6,6.34,9.99,,
,BLASS,W/BLASS RED LBL SHZ GREN 750ML,WINE STILL RED,TREASURY WINE ESTATES,897392,9312088451119,6,6.05,8.99,Y,
,BLASS,W/BLASS RED LBL CAB SAUV 750ML,WINE STILL RED,TREASURY WINE ESTATES,653311,9312088004582,6,6.05,8.99,Y,
,BLASS,W/BLASS RED LBL CAB MER  750ML,WINE STILL RED,TREASURY WINE ESTATES,762830,9312088415951,6,6.05,8.99,Y,
,BLASS,W/BLASS RED LBL SHIRAZ   750ML,WINE STILL RED,TREASURY WINE ESTATES,653329,9312088004605,6,6.05,8.99,Y,
,BLASS,W/BLASS RED LBL SHZ CAB  750ML,WINE STILL RED,TREASURY WINE ESTATES,523511,9312088451898,6,6.05,8.99,Y,
,ST,BUNNAMAGOO ESTATE ROSE   750ML,WINE STILL ROSE,BUNNAMAGOO ESTATE,803398,9338153000068,12,20.75,30.99,,
,ST,BAROSSA VLY ESTATE ROSE  750ML,WINE STILL ROSE,DELEGAT AUSTRALIA PTY LTD,195017,9311347003151,6,16.29,23.99,Y,
,LANE,PADDINGTON LANE DRY ROSE 750ML,WINE STILL ROSE,FOURTH WAVE WINE PARTNERS,457516,9344154020677,6,14.33,21.99,Y,
,BROWN,BROWN BRO CLASSI D/ROSE  750ML,WINE STILL ROSE,BROWN FAMILY WINE GROUP,712649,9311124403112,6,13.58,19.99,,
,ST,RUTHERG ESTATE ROSE SC   750ML,WINE STILL ROSE,DE BORTOLI WINES PTY LIMI,690693,9300752120607,6,13.06,19.99,,
,JACOBS,JACOBS CREEK BAROSE     750ML,WINE STILL ROSE,ACCOLADE WINES AUSTRALIA LIMITED,936719,9311043406072,6,11.85,17.99,,
,WYNNS,WYNNS BLACK LBL CHD      750ML,WINE STILL WHITE,TREASURY WINE ESTATES,992427,9300620008396,6,28.09,41.99,Y,
,ST,ST HUGO EDEN VALL RIESL  750ML,WINE STILL WHITE,VINARCHY AUSTRALIA,846817,9311043402661,6,26.58,38.99,,
,BAY,BAY OF FIRES PINOT GRIS  750ML,WINE STILL WHITE,VINARCHY AUSTRALIA,755794,9311043067839,6,25.08,36.99,,
,BAY,HAMELIN BAY W CHARDONNAY 750ML,WINE STILL WHITE,VINTAGE HOUSE WINE & SPIR,418724,9321597009933,12,22.23,32.99,,
,PIPER,PIPERS TAS SAUV BLANC    750ML,WINE STILL WHITE,PURE WINE COMPANY PTY LTD,743967,9315314991137,6,21.98,32.99,,
,PETALUMA,PETALUMA WL SAUV BLANC   750ML,WINE STILL WHITE,VINARCHY AUSTRALIA,571522,9338979000563,6,18.67,27.99,Y,
,ST,ZONZO ESTATE CHARDONNAY  750ML,WINE STILL WHITE,ZONZO ESTATE,772487,9354864001422,6,18.62,27.99,Y,
,LA,CALABRIA 3 BRIDGE CHARD  750ML,WINE STILL WHITE,CALABRIA FAMILY WINES P/L,770299,9319020000428,6,18.44,27.99,,
,DE,MEDITRINA ADELAIDE HIL SB750ML,WINE STILL WHITE,MEDITRINA BEVERAGES PL,179870,9313748034239,6,17.44,25.99,,
,PEPPERJACK,PEPPERJACK SAUV BLANC    750ML,WINE STILL WHITE,TREASURY WINE ESTATES,78870,9300770005405,6,16.76,24.99,Y,
,BAY,HAMELIN BAY W SSAUV BLNC 750ML,WINE STILL WHITE,VINTAGE HOUSE WINE & SPIR,418795,9321597000046,12,16.56,24.99,,
,TAYLORS,TAYLORS JARAMAN SAUVBLANC750ML,WINE STILL WHITE,TAYLORS WINES PTY LTD,129090,9311659002460,6,16.52,24.99,Y,
,LAIR,BRANDS LAIRA BLOCKER CHD 750ML,WINE STILL WHITE,OATLEY FINE WINE MERCHANT,845531,9322214013777,6,15.71,23.99,,
,LA,BABICH MARLB SAUV BLANC  750ML,WINE STILL WHITE,DOMAINE WINE SHIPPERS P/L,569282,9414603401101,12,15.70,23.99,,
,ST,RUTHERG ESTATE FIANO SC  750ML,WINE STILL WHITE,DE BORTOLI WINES PTY LIMI,641741,9300752120560,6,15.39,22.99,,
,POL,GAMBELLARA MONOPOLIO P/G 750ML,WINE STILL WHITE,OATLEY FINE WINE MERCHANT,728661,8012769452336,6,15.09,22.99,,
,TE,DE BORTOLI BUTTERY CHARD 750ML,WINE STILL WHITE,DE BORTOLI WINES PTY LIMI,152336,9300752052229,6,14.45,21.99,,
,LANE,AMBERLEY S/LANE SSB      750ML,WINE STILL WHITE,VINARCHY AUSTRALIA,508126,9316176099344,6,14.35,21.99,,
,ST,MOONSTRUCK S/BLANC OP    750ML,WINE STILL WHITE,BROWN FAMILY WINE GROUP,579363,9311124000106,6,14.04,20.99,,
,WOOD,BRIDGEWOOD NZ S/BLANC    750ML,WINE STILL WHITE,VINTAGE HOUSE WINE & SPIR,215304,9300694002559,12,13.95,20.99,,
,TE,PETER LEHM PORT S/BLANC  750ML,WINE STILL WHITE,OATLEY FINE WINE MERCHANT,980190,9311910106425,6,13.64,20.99,,
,ST,ARA SINGLE EST SAV BLANC 750ML,WINE STILL WHITE,OATLEY FINE WINE MERCHANT,542277,9421900742097,6,13.61,19.99,Y,
,BROWN,BROWN BRO CLASSI CHARD   750ML,WINE STILL WHITE,BROWN FAMILY WINE GROUP,341919,9311124403785,6,13.58,19.99,,
,BROWN,BROWN BRO CLASSI P/GRIG  750ML,WINE STILL WHITE,BROWN FAMILY WINE GROUP,341841,9311124403761,6,13.58,19.99,,
,BROWN,BROWN BRO CLASSI S/BLANC 750ML,WINE STILL WHITE,BROWN FAMILY WINE GROUP,341896,9311124403808,6,13.58,19.99,,
,ST,INNOCENT BYSTAND S/BLANC 750ML,WINE STILL WHITE,BROWN FAMILY WINE GROUP,178028,9331574000433,6,13.25,19.99,Y,
,LA,WILDFLOWER SAV BLANC     750ML,WINE STILL WHITE,OATLEY FINE WINE MERCHANT,872287,9338053009482,6,13.18,19.99,Y,
,LA,CALABRIA BRO RIESLING    750ML,WINE STILL WHITE,CALABRIA FAMILY WINES P/L,917870,9319020009025,6,13.13,19.99,,
,TE,TEHA MARL SAUVIGNON BLANC750ML,WINE STILL WHITE,TREASURY WINE ESTATES,196327,9415305005147,6,13.12,19.99,,
,ST,RUTHERG ESTATE PINOT GRIO750ML,WINE STILL WHITE,DE BORTOLI WINES PTY LIMI,690287,9300752120584,6,13.06,19.99,,
,BLASS,W/BLASS PRIV REL CHARD   750ML,WINE STILL WHITE,TREASURY WINE ESTATES,245451,9312088013133,6,12.96,19.99,,
,TE,WHITE CLOUD MBGH S/BLANC CSK2L,WINE STILL WHITE,MEDITRINA BEVERAGES PL,213886,9313748034376,6,12.83,18.99,,
,DE,TAMBURLAINE ORG VERDELHO 750ML,WINE STILL WHITE,TAMBURLAINE ORGANIC WINES,512316,9332496006695,12,12.63,18.99,,
,GIESEN,GIESEN SAUVIGNON BLANC   750ML,WINE STILL WHITE,OATLEY FINE WINE MERCHANT,535819,9416040100012,6,12.53,18.99,Y,
,ST,FAT BASTARD CHENIN BLANC 750ML,WINE STILL WHITE,JOVAL WINE GROUP PTY LTD,499018,9316128002637,6,12.31,18.99,Y,
,DE,QUILTY & GRANSDEN S/BLANC750ML,WINE STILL WHITE,OATLEY FINE WINE MERCHANT,148586,9354568000318,6,12.16,17.99,,
,CRAWFORD,K/CRAWFORD MARL S/BLANC  750ML,WINE STILL WHITE,CONSTELLATION BRANDS NZ,577196,9419227009122,6,11.33,16.99,Y,
,TE,EVANS & TATE W/C CHARD   750ML,WINE STILL WHITE,EVANS & TATE PTY LTD,836605,9352839000746,6,11.29,16.99,Y,
,ST,ST AMAND A/H SAUV BLANC  750ML,WINE STILL WHITE,INDEPENDENT LIQUOR RETAIL,416840,9343959001621,12,10.49,15.99,Y,
,BURGE,G/BURGE 5TH GEN S/BLANC  750ML,WINE STILL WHITE,VINARCHY AUSTRALIA,712372,9315705763244,6,10.35,15.99,Y,
,TE,WHITE CLOUD MBGH S/BLANC    1L,WINE STILL WHITE,MEDITRINA BEVERAGES PL,213551,9313748034383,6,10.16,14.99,,
,JACOBS,JACOBS CK RES SAUV BLANC 750ML,WINE STILL WHITE,VINARCHY AUSTRALIA,825612,9311043403422,6,9.90,14.99,Y,
,ROSEMOUNT,ROSEMOUNT D/L CHARDONNAY 750ML,WINE STILL WHITE,TREASURY WINE ESTATES,594902,9325040021275,6,9.69,14.99,,
,ST,STONEHAVEN SS SAUV BLANC 750ML,WINE STILL WHITE,DEM BONES WINES PTY,471971,9352694071134,12,9.43,13.99,,
,ST,NUGAN EST 3RD GEN S/BLANC750ML,WINE STILL WHITE,NUGAN ESTATE PTY LTD,199930,9329056001153,6,9.36,13.99,,
,ROSEMOUNT,ROSEMOUNT BLEND TRM RIES 750ML,WINE STILL WHITE,TREASURY WINE ESTATES,796465,9325040021558,6,9.21,13.99,,
,TAYLORS,TAYLORS PROM LAND CHARD  750ML,WINE STILL WHITE,TAYLORS WINES PTY LTD,555021,9311659000640,6,9.20,13.99,Y,
,TAYLORS,TAYLORS PROM SAUV BLANC  750ML,WINE STILL WHITE,TAYLORS WINES PTY LTD,253239,9311659002569,6,9.20,13.99,Y,
,GIESEN,GIESEN SAUVIGNON BLANC   375ML,WINE STILL WHITE,OATLEY FINE WINE MERCHANT,520843,9416040100227,12,9.16,13.99,,
,ST,MINKS EST SAUV BLANC        1L,WINE STILL WHITE,DIVAS BEVERAGES AUSTRALIA,433114,9360911000782,6,8.97,13.99,,
,JACOBS,JACOBS CK TP SAUV BLANC  750ML,WINE STILL WHITE,VINARCHY AUSTRALIA,579533,9311043405952,6,8.90,13.99,Y,
,LA,BERTON METAL SAUV BLANC  750ML,WINE STILL WHITE,BERTON VINEYARDS P/L,515351,9335966001305,6,8.65,12.99,Y,
,BLASS,W/BLASS YEL LBL CHARD    750ML,WINE STILL WHITE,TREASURY WINE ESTATES,546551,9312088201905,6,8.52,12.99,Y,
,BLASS,W/BLASS YEL LBL SAV BLNC 750ML,WINE STILL WHITE,TREASURY WINE ESTATES,546739,9312088201974,6,8.52,12.99,Y,
,BURGE,G/BURGE B/MK S/BLANC     750ML,WINE STILL WHITE,VINARCHY AUSTRALIA,395510,9315705871314,12,8.47,12.99,,
,DE,UPSIDE DOWN SAUV BLANC   750ML,WINE STILL WHITE,TREASURY WINE ESTATES,545259,9415305499618,6,8.20,12.99,Y,
,TE,HARTOGS PLATE MOSCATO    750ML,WINE STILL WHITE,TREASURY WINE ESTATES,838013,9310194002959,6,8.05,11.99,,
,TE,HOUGHTON WHITE CLASSIC   750ML,WINE STILL WHITE,VINARCHY AUSTRALIA,526111,9311420036090,6,7.92,11.99,Y,
,BLASS,W/BLASS BILYARA S/BLANC  750ML,WINE STILL WHITE,TREASURY WINE ESTATES,526289,9312088001345,12,7.92,11.99,,
,BLASS,W/BLASS BILYARA CHARD    750ML,WINE STILL WHITE,TREASURY WINE ESTATES,521941,9312088000126,12,7.92,11.99,,
,LA,ZILZIE S23 SAUV BLANC    750ML,WINE STILL WHITE,ZILZIE WINES PTY LTD,826618,9329337001247,12,7.87,11.99,Y,
,ST,STUDIO SERIES SAUV BLANC 750ML,WINE STILL WHITE,VINTAGE HOUSE WINE & SPIR,536556,9300694373246,12,7.70,11.99,,
,TE,WHITE CLOUD MBGH S/BLANC 750ML,WINE STILL WHITE,MEDITRINA BEVERAGES PL,894200,9313748034284,12,7.66,11.99,Y,
,JACOBS,JACOBS CK SEM SAUV BLANC 750ML,WINE STILL WHITE,VINARCHY AUSTRALIA,532594,9311043403385,12,7.56,11.99,Y,
,JACOBS,JACOBS CK SAUV BLANC     750ML,WINE STILL WHITE,VINARCHY AUSTRALIA,760189,9311043403101,12,7.56,11.99,Y,
,YELLOW,YELLOWTAIL COOLCRISPWHITE750ML,WINE STILL WHITE,CASELLA WINES PTY LTD,354797,9322214017584,12,7.35,10.99,Y,
,YELLOW,YELLOWTAIL BUTTERY CHARD 750ML,WINE STILL WHITE,CASELLA WINES PTY LTD,274492,9322214016433,12,7.35,10.99,Y,
,LA,ANGOVE L/ROW SAUV BLANC  750ML,WINE STILL WHITE,VINTAGE HOUSE WINE & SPIR,553574,9300694368440,12,6.41,9.99,,
,BAY,MORGANS BAY RES CHARD    750ML,WINE STILL WHITE,TREASURY WINE ESTATES,522594,9311220001816,6,6.34,9.99,,
,BAY,MORGANS BAY RES SSB      750ML,WINE STILL WHITE,TREASURY WINE ESTATES,522586,9311220001854,6,6.34,9.99,,
,BAY,MORGANS BAY RES SAUV BLC 750ML,WINE STILL WHITE,TREASURY WINE ESTATES,522609,9311220001830,6,6.34,9.99,,
,BLASS,W/BLASS RED LBL P/GRIGIO 750ML,WINE STILL WHITE,TREASURY WINE ESTATES,990527,9312088009358,6,6.05,8.99,Y,
,BLASS,W/BLASS RED LBL SAUV BLC 750ML,WINE STILL WHITE,TREASURY WINE ESTATES,658298,9312088006111,6,6.05,8.99,Y,
,BLASS,W/BLASS RED LBL SEM S/BL 750ML,WINE STILL WHITE,TREASURY WINE ESTATES,529711,9312088081903,6,6.05,8.99,Y,
,BLASS,W/BLASS RED LBL CHARD    750ML,WINE STILL WHITE,TREASURY WINE ESTATES,533956,9312088241000,6,6.05,8.99,Y,
,DE,DE BORTOLI LEMLIME SPRITZ750ML,SUNDRY WINE ALL SPARKLING,DE BORTOLI WINES PTY LIMI,325900,9300752052656,6,14.70,21.99,Y,
,DE,DE BORTOLI LIMONCLLO SPR 750ML,SUNDRY WINE ALL SPARKLING,DE BORTOLI WINES PTY LIMI,776944,9300752052090,6,14.70,21.99,Y,
,SQUEALING,SQUEALING PIG SQLN LEMON 750ML,SUNDRY WINE ALL SPARKLING,TREASURY WINE ESTATES,830560,9415305004737,6,13.24,19.99,Y,
,SQUEALING,SQUEALING PIG SQLN RASPB 750ML,SUNDRY WINE ALL SPARKLING,TREASURY WINE ESTATES,231994,9415305005833,6,13.24,19.99,Y,
,DE,DE BORTOLI K/V PROSC ROSE750ML,SUNDRY WINE ALL SPARKLING,DE BORTOLI WINES PTY LIMI,160821,9300752221137,6,12.30,18.99,Y,
,YELLOW,YELLOWTAIL SPK CT MIMOSA 750ML,SUNDRY WINE ALL SPARKLING,CASELLA WINES PTY LTD,567612,9322214016730,6,11.92,17.99,,
,YELLOW,YELLOWTAIL SPK CT LIMONAT750ML,SUNDRY WINE ALL SPARKLING,CASELLA WINES PTY LTD,567586,9322214017119,6,11.92,17.99,,
,YELLOW,YELLOWTAIL SPK CT BELLINI750ML,SUNDRY WINE ALL SPARKLING,CASELLA WINES PTY LTD,570822,9322214016709,6,11.92,17.99,,
,LA,RICHLAND LIMONCELLO SPTZ 750ML,SUNDRY WINE ALL SPARKLING,CALABRIA FAMILY WINES P/L,221635,9319020013725,6,6.07,8.99,Y,
,LA,LIT FAT LAMB B/SCTCH CASK 2L,WINE BASED LIQUEURS,AUSTRALIAN BEVERAGE CONTR,150009,9345577004473,6,21.70,31.99,,
,LA,LIT FAT LAMB SLTCARAMCRM 700ML,WINE BASED LIQUEURS,AUSTRALIAN BEVERAGE CONTR,531182,9345577003773,6,13.42,19.99,,
,LA,LIT FAT LAMB B/SCOTCH CRM700ML,WINE BASED LIQUEURS,AUSTRALIAN BEVERAGE CONTR,531213,9345577003858,6,13.42,19.99,,
,LA,DIVAS VKAT BLACK LABEL   700ML,WINE BASED LIQUEURS,DIVAS BEVERAGES AUSTRALIA,354263,9349658000057,12,11.21,16.99,,
,LA,DIVAS VKAT VANILLA       700ML,WINE BASED LIQUEURS,DIVAS BEVERAGES AUSTRALIA,448923,9349658009074,12,9.49,13.99,Y,
,ST,STONES TROP DELIGHT GGW  750ML,WINE GINGER,VINTAGE HOUSE WINE & SPIR,898819,9300694002757,6,12.74,18.99,Y,
,LA,TGALLANT C/SCHK P/GRIG KEG 30L,WINE KEGS,TREASURY WINE ESTATES,716936,07169366,1,572.89,840.99,,
,LA,T'GALLANT JULIET BL MOS KEG30L,WINE KEGS,TREASURY WINE ESTATES,468753,04687535,1,490.31,719.99,,
,SQUEALING,SQUEALING PIG PINK MOSC  750ML,WINE MOSCATO,TREASURY WINE ESTATES,994746,9415305002542,6,13.24,19.99,Y,
,DE,DE BORTOLI PETIT MOSCATO 750ML,WINE MOSCATO,DE BORTOLI WINES PTY LIMI,15589,9300752202853,6,12.55,18.99,Y,
,LA,TGALLANT JULIET MOSCATO 750ML,WINE MOSCATO,TREASURY WINE ESTATES,976683,9326983003007,6,11.99,17.99,,
,BANROCK,BANROCK STN MOSCATO S/C     1L,WINE MOSCATO,VINARCHY AUSTRALIA,666445,9311043766282,6,8.02,11.99,Y,
,BANROCK,BANROCK STN MOSCATO PINK    1L,WINE MOSCATO,VINARCHY AUSTRALIA,666649,9311043766411,6,8.02,11.99,Y,
,JACOBS,JACOBS CK SPK MOSC WHITE 750ML,WINE MOSCATO,VINARCHY AUSTRALIA,505720,9311043404184,6,7.53,11.99,Y,
,LA,RICHLAND MOSCATO         750ML,WINE MOSCATO,CALABRIA FAMILY WINES P/L,503260,9319020001050,12,7.52,11.99,Y,
,YELLOW,YELLOWTAIL MOSCATO       750ML,WINE MOSCATO,CASELLA WINES PTY LTD,753920,9322214011407,12,7.35,10.99,Y,
,DE,DE BORTOLI BLK NOBLE     500ML,WINE PORT,DE BORTOLI WINES PTY LIMI,216907,02169071,6,35.62,52.99,,
,DE,DE BORTOLI 8YO TAWNY 750ML,WINE PORT,DE BORTOLI WINES PTY LIMI,216931,02169316,6,23.35,34.99,,
,ST,BROWN BRO AUST TAWNY     750ML,WINE PORT,BROWN FAMILY WINE GROUP,509012,0029147508873,6,14.04,20.99,,
,ST,MCW HANWOOD EST 5YO TWNY 750ML,WINE PORT,CALABRIA FAMILY WINES P/L,553883,9311769471002,6,14.01,20.99,,
,DE,KRUG GRANDE CUVEE NV GIFT750ML,WINE SPARKLING CHAMPAGNE,MOET HENNESSY AUSTRALIA,419652,3258064128803,6,402.46,590.99,,
,DE,RUINART BLC DE BLC SS GB 750ML,WINE SPARKLING CHAMPAGNE,MOET HENNESSY AUSTRALIA,743632,3185370712009,6,174.82,256.99,,
,POL,POL ROGER BRUT NON VINT  750ML,WINE SPARKLING CHAMPAGNE,SAMUEL SMITH & SON,535437,3260923012000,6,102.21,149.99,,
,YELLOW,VEUVE/C YELLOW NV        750ML,WINE SPARKLING CHAMPAGNE,MOET HENNESSY AUSTRALIA,536946,3049614222245,6,80.64,118.99,Y,
,LA,NV H.LANVIN & FILS CHAMPN750ML,WINE SPARKLING CHAMPAGNE,AUSTRALIAN VINTAGE (DOMESTIC) PTY LTD,41475,3028441115111,6,54.57,80.99,,
,DE,DE BORTOLI SANGRIA SPRITZ750ML,WINE SPARKLING RED,DE BORTOLI WINES PTY LIMI,317368,9300752052717,6,14.70,21.99,Y,
,DE,DE BORTOLI CHILBIL SPZRED750ML,WINE SPARKLING RED,DE BORTOLI WINES PTY LIMI,340586,9300752051574,6,13.09,19.99,,
,ST,STONEGATE BRUT CUVEE     750ML,WINE SPARKLING RED,VINTAGE HOUSE WINE & SPIR,930721,9300694001071,12,7.70,11.99,,
,YELLOW,YELLOWTAIL PROSECCO ROSE 750ML,WINE SPARKLING ROSE,CASELLA WINES PTY LTD,828283,9322214015542,6,11.32,16.99,,
,BURGE,G/BURGE SPK PETITE ROSE  750ML,WINE SPARKLING ROSE,VINARCHY AUSTRALIA,284497,9315705871185,6,10.36,15.99,Y,
,YELLOW,YELLOWTAIL BUBBLES ROSE  750ML,WINE SPARKLING ROSE,CASELLA WINES PTY LTD,654663,9322214011209,12,7.35,10.99,Y,
,DE,R DE RUINART BRUT        750ML,WINE SPARKLING WHITE,MOET HENNESSY AUSTRALIA,575220,3185370283905,6,125.44,183.99,,
,ST,COLDSTREAM HILL PNT CHD  750ML,WINE SPARKLING WHITE,TREASURY WINE ESTATES,574083,9315926970735,6,30.79,45.99,,
,ST,MUMM TAS BRUT PRESTIGE   750ML,WINE SPARKLING WHITE,PERNOD RICARD AUST P/L,26941,9300727038845,6,26.22,38.99,Y,
,ST,MUMM NAPA BRUT PRESTIGE 750ML,WINE SPARKLING WHITE,PERNOD RICARD AUST P/L,845028,9300727044709,6,26.22,38.99,Y,
,ST,MUMM MARLB BRUT PRESTIGE 750ML,WINE SPARKLING WHITE,PERNOD RICARD AUST P/L,981489,9414024000334,6,26.22,38.99,Y,
,ST,42 DEGREES STH SPRK NV   750ML,WINE SPARKLING WHITE,JOVAL WINE GROUP PTY LTD,515555,9327258001469,6,22.98,33.99,,
,LA,LA GIOIOSA ASOLO PROSEC S750ML,WINE SPARKLING WHITE,OATLEY FINE WINE MERCHANT,606754,8006805349025,6,20.00,29.99,,
,LA,NINTH ISLAND CUVEE       750ML,WINE SPARKLING WHITE,PURE WINE COMPANY PTY LTD,577332,9315314960614,6,19.66,28.99,Y,
,CAMPO,CAMPO VIEJO CAVA BRUT    750ML,WINE SPARKLING WHITE,VINARCHY AUSTRALIA,567544,8410302105518,6,19.29,28.99,,
,DE,DE BORTOLI YV SPK PN ROSE750ML,WINE SPARKLING WHITE,DE BORTOLI WINES PTY LIMI,457574,9300752221328,6,19.11,28.99,,
,LA,PIZZOLATO PROSECCO DBRUT 750ML,WINE SPARKLING WHITE,VINTAGE HOUSE WINE & SPIR,135452,8022836000261,6,18.81,27.99,,
,DE,DEVILS CORNER PREM CUVEE 750ML,WINE SPARKLING WHITE,BROWN FAMILY WINE GROUP,540186,9325814006453,6,18.20,26.99,Y,
,PEPPERJACK,PEPPERJACK SPARKLING     750ML,WINE SPARKLING WHITE,TREASURY WINE ESTATES,18582,9300770005733,6,16.76,24.99,Y,
,ST,NUGAN EST NV SPARKLING   750ML,WINE SPARKLING WHITE,NUGAN ESTATE PTY LTD,568786,9329056001566,6,16.05,23.99,,
,LA,TAMBURLAINE PF AU NAT SPK750ML,WINE SPARKLING WHITE,TAMBURLAINE ORGANIC WINES,890654,9332496006756,12,15.06,22.99,,
,PARK,MARTINI SPARKL PROSECCO  750ML,WINE SPARKLING WHITE,COCA-COLA EUROPACIFIC PAR,522049,8000570552505,6,14.65,21.99,,
,LA,TGALLANT SPK CHD P/NOIR  750ML,WINE SPARKLING WHITE,TREASURY WINE ESTATES,705448,9326983000624,6,14.11,20.99,,
,LA,TGALLANT SPK PROSECCO    750ML,WINE SPARKLING WHITE,TREASURY WINE ESTATES,705464,9326983000600,6,14.11,20.99,,
,LA,TAMBURLAINE HGH&DRY SPRK 750ML,WINE SPARKLING WHITE,TAMBURLAINE ORGANIC WINES,241169,9332496006732,12,13.97,20.99,,
,LA,TAMBURLAINE PROSECCO     750ML,WINE SPARKLING WHITE,TAMBURLAINE ORGANIC WINES,384132,9332496001768,12,13.66,20.99,,
,SQUEALING,SQUEALING PIG SQLN LEM ZS750ML,WINE SPARKLING WHITE,TREASURY WINE ESTATES AUSTRALIA LIMITED,524407,9415305006519,6,13.24,19.99,Y,
,SQUEALING,SQUEALING PIG SQLN RAS ZS750ML,WINE SPARKLING WHITE,TREASURY WINE ESTATES,524606,9415305006472,6,13.24,19.99,Y,
,SQUEALING,SQUEALING PIG MID PROSEC 750ML,WINE SPARKLING WHITE,TREASURY WINE ESTATES,450501,9415305003761,6,13.24,19.99,Y,
,SQUEALING,SQUEALING PIG PROSECCO   750ML,WINE SPARKLING WHITE,TREASURY WINE ESTATES,670897,9415305000975,6,13.24,19.99,Y,
,DE,DE BORTOLI K/V PROSECCO  750ML,WINE SPARKLING WHITE,DE BORTOLI WINES PTY LIMI,450909,9300752220949,6,12.30,18.99,Y,
,YELLOW,YELLOWTAIL PROSECCO      750ML,WINE SPARKLING WHITE,CASELLA WINES PTY LTD,969327,9322214014033,6,11.32,16.99,,
,TE,TEMPUS 2 SILVER PROSECCO 750ML,WINE SPARKLING WHITE,AUSTRALIAN VINTAGE-DOMEST,558309,9310415020281,6,10.71,15.99,,
,BURGE,G/BURGE SPK PETITE BUBBLE750ML,WINE SPARKLING WHITE,VINARCHY AUSTRALIA,922249,9315705825324,6,10.36,15.99,Y,
,LA,FARM HAND ORG B/D BLANCS 750ML,WINE SPARKLING WHITE,FOURTH WAVE WINE PARTNERS,319454,9344154016731,6,9.50,13.99,Y,
,ST,STUDIO SERIES SPARKLING  750ML,WINE SPARKLING WHITE,VINTAGE HOUSE WINE & SPIR,531771,9300694379040,12,7.70,11.99,,
,LA,OXFORD LANDING CUVEE NV  750ML,WINE SPARKLING WHITE,SAMUEL SMITH & SON,396058,9311789009629,6,7.57,11.99,Y,
,LA,OXFORD LANDING MOSCATO   750ML,WINE SPARKLING WHITE,SAMUEL SMITH & SON,387046,9311789009636,6,7.57,11.99,Y,
,YELLOW,YELLOWTAIL BUBBLES       750ML,WINE SPARKLING WHITE,CASELLA WINES PTY LTD,775396,9322214009480,12,7.35,10.99,Y,
,LA,JEAN PIERRE CLASSIQUE    750ML,WINE SPARKLING WHITE,DE BORTOLI WINES PTY LIMI,544321,93752053,6,7.28,10.99,,
,LA,RICHLAND SPK CHRD P/NOIR 750ML,WINE SPARKLING WHITE,CALABRIA FAMILY WINES P/L,466913,9319020009056,6,6.07,8.99,Y,
,PENFOLDS,PENFOLDS GRANGE SHZ 17GB 750ML,WINE STILL RED,PENFOLDS WINES INTERNATIONAL LIMITED,318961,9310297026517,3,824.59,1209.99,,
,PENFOLDS,PENFOLDS ST HENRI SHZ 22 750ML,WINE STILL RED,PENFOLDS WINES INTERNATIO,232806,9310297057610,6,101.65,149.99,,
,ST,TAYLORS ST ANDREWS C/S22 750ML,WINE STILL RED,TAYLORS WINES PTY LTD,528087,9311659003146,6,55.12,80.99,,
,ST,TAYLORS ST ANDREWS SHZ22 750ML,WINE STILL RED,TAYLORS WINES PTY LTD,527879,9311659003078,6,55.12,80.99,,
,ST,ST HUGO SIG CAB SAUV VINT750ML,WINE STILL RED,VINARCHY AUSTRALIA,560885,9311043407512,6,44.13,64.99,,
,JIM,JIM BARRY MCRAE SHIRAZ   750ML,WINE STILL RED,SAMUEL SMITH & SON,543595,9314487217976,6,42.37,62.99,,
,SHAW,SHAW & SMITH SHIRAZ      750ML,WINE STILL RED,JOVAL WINE GROUP PTY LTD,526218,9316770111626,6,41.57,60.99,Y,
,VASSE,VASSE FELIX CAB SAUV     750ML,WINE STILL RED,SAMUEL SMITH & SON,525204,9315032001170,6,39.07,57.99,,
,BURGE,G/BURGE C/PARK CAB SAUV  750ML,WINE STILL RED,VINARCHY AUSTRALIA,525102,9315705011086,6,38.99,57.99,,
,TWO,TWO PADDOCKS PIC P/NOIR  750ML,WINE STILL RED,NEGOCIANTS AUSTRALIA,771986,9421000630492,12,31.90,46.99,,
,ST,COLDSTREAM HILL PNT NOIR 750ML,WINE STILL RED,TREASURY WINE ESTATES,527361,9315926960033,6,30.79,45.99,,
,ST,ST HUGO SHIRAZ CAB       750ML,WINE STILL RED,VINARCHY AUSTRALIA,554177,9311043407253,6,29.82,43.99,Y,
,ST,ST HUGO GSM              750ML,WINE STILL RED,VINARCHY AUSTRALIA,545788,9311043402623,6,29.82,43.99,Y,
,ST,ST HUGO CAB SAUVIGNON    750ML,WINE STILL RED,VINARCHY AUSTRALIA,523391,9311043405280,6,29.82,43.99,Y,
,ST,ST HUGO SHIRAZ           750ML,WINE STILL RED,VINARCHY AUSTRALIA,545770,9311043406904,6,29.82,43.99,Y,
,HARDYS,HARDYS HRB CAB SAUV      750ML,WINE STILL RED,VINARCHY AUSTRALIA,502497,9311043053016,6,28.33,41.99,,
,CAMPO,CAMPO VIEJO GRAN RESERVA 750ML,WINE STILL RED,VINARCHY AUSTRALIA,35712,8410302107192,6,28.19,41.99,,
,WOOD,BROKENWOOD PINOT NOIR    750ML,WINE STILL RED,SAMUEL SMITH & SON,943850,9318560630034,12,27.63,40.99,,
,DE,DEVILS CORNER RES P/NOIR 750ML,WINE STILL RED,BROWN FAMILY WINE GROUP,229971,9325814006514,6,26.76,39.99,,
,VASSE,VASSE FELIX SYRAH        750ML,WINE STILL RED,SAMUEL SMITH & SON,525880,9315032001316,6,26.74,39.99,,
,LA,DONA PAULA H/A MALBEC    750ML,WINE STILL RED,CALABRIA FAMILY WINES P/L,136725,7798090160065,6,26.36,38.99,,
,DE,SIDEWOOD PINOT NOIR      750ML,WINE STILL RED,SAMUEL SMITH & SON,218310,9342333000281,6,25.56,37.99,,
,WOOD,BROKENWOOD SHIRAZ        750ML,WINE STILL RED,SAMUEL SMITH & SON,550314,9318560540012,6,25.47,37.99,,
,TE,GUIGAL COTES DU RHONE    750ML,WINE STILL RED,NEGOCIANTS AUSTRALIA,807258,3536650501002,6,25.42,37.99,,
,TE,CHATEAU TANUNDA C/SAUV   750ML,WINE STILL RED,AUST FOOD & BEVERAGE PTY,573642,9313181002949,6,24.16,35.99,Y,
,TE,CHATEAU TANUNDA SV SHZ   750ML,WINE STILL RED,AUST FOOD & BEVERAGE PTY,291300,9313181002987,6,24.16,35.99,Y,
,CREEK,MORAMBRO CREEK CAB SAV   750ML,WINE STILL RED,MORAMBRO CREEK P/L,944660,9327847004031,6,23.56,34.99,,
,CREEK,MORAMBRO CREEK SHIRAZ    750ML,WINE STILL RED,MORAMBRO CREEK P/L,737704,9327847003034,6,23.56,34.99,,
,ST,42 DEGREES STH P/NOIR    750ML,WINE STILL RED,JOVAL WINE GROUP PTY LTD,961337,9327258002725,12,22.78,33.99,Y,
,LA,LAMBROOK PLANT PINOT NOIR750ML,WINE STILL RED,VINTAGE HOUSE WINE & SPIR,631505,9346847000041,6,22.22,32.99,,
,MUD,MUD HOUSE OTAGO P/NOIR   750ML,WINE STILL RED,VINARCHY AUSTRALIA,506967,9421018070631,6,21.86,32.99,,
,LA,BLACK GRAPE CO PNOIR 750ML,WINE STILL RED,TREASURY WINE ESTATES,234303,9415305001491,6,21.57,31.99,,
,JIM,JIM BARRY LODGE SHIRAZ   750ML,WINE STILL RED,SAMUEL SMITH & SON,521894,9314487457013,6,21.51,31.99,,
,DE,DE BORTOLI H/C HC SHIRAZ 750ML,WINE STILL RED,DE BORTOLI WINES PTY LIMI,244861,9300752203706,6,20.92,30.99,,
,VASSE,VASSE FELIX FILIUS C/MRL 750ML,WINE STILL RED,SAMUEL SMITH & SON,517918,9315032001194,6,20.57,30.99,,
,LA,NINTH ISLAND PINOT NOIR  750ML,WINE STILL RED,PURE WINE COMPANY PTY LTD,591289,9315314990024,6,19.56,28.99,,
,CAMPO,CAMPO VIEJO RESERVA RIOJA750ML,WINE STILL RED,VINARCHY AUSTRALIA,35746,8410302107697,6,19.29,28.99,,
,DE,DE BORTOLI EV PINOT NOIR750ML,WINE STILL RED,DE BORTOLI WINES PTY LIMI,539156,9300752081649,6,19.11,28.99,,
,DE,DE BORTOLI EV SHIRAZ     750ML,WINE STILL RED,DE BORTOLI WINES PTY LIMI,63901,9300752081724,6,19.11,28.99,,
,DE,DE BORTOLI EV CAB SAUV  750ML,WINE STILL RED,DE BORTOLI WINES PTY LIMI,553184,9300752081588,6,19.11,28.99,,
,DE,DE BORTOLI EV GAMAY 750ML,WINE STILL RED,DE BORTOLI WINES PTY LIMI,493444,9300752087177,6,19.11,28.99,,
,DE,DE BORTOLI VINOQUE SANGV 750ML,WINE STILL RED,DE BORTOLI WINES PTY LIMITED,484000,9300752085685,6,18.93,27.99,,
,HARDYS,HARDYS TINTARA GSM       750ML,WINE STILL RED,VINARCHY AUSTRALIA,270228,9311043722356,6,18.77,27.99,,
,HARDYS,HARDYS TINTARA C/SAUV    750ML,WINE STILL RED,VINARCHY AUSTRALIA,943664,9311043088254,6,18.77,27.99,,
,HARDYS,HARDYS TINTARA SHIRAZ    750ML,WINE STILL RED,VINARCHY AUSTRALIA,943648,9311043088261,6,18.77,27.99,,
,JIM,JIM BARRY BROS SHIRAZ    750ML,WINE STILL RED,SAMUEL SMITH & SON,982401,9314487927172,6,18.61,27.99,,
,LA,LAMBROOK PINOT NOIR      750ML,WINE STILL RED,VINTAGE HOUSE WINE & SPIR,613060,9346847000317,12,18.49,27.99,,
,LA,LAMBROOK SHIRAZ          750ML,WINE STILL RED,VINTAGE HOUSE WINE & SPIR,640897,9346847000010,12,18.49,27.99,,
,DE,DEVILS CORNER P/NOIR     750ML,WINE STILL RED,BROWN FAMILY WINE GROUP,505660,9325814006194,6,18.20,26.99,Y,
,WIRRA,WIRRA WIRRA CATAPULT SHZ 750ML,WINE STILL RED,SAMUEL SMITH & SON,516124,9315125901271,6,17.67,25.99,Y,
,DE,DE BORTOLI RC GND SHZ SC 750ML,WINE STILL RED,DE BORTOLI WINES PTY LIMI,694469,9300752202136,6,17.62,25.99,,
,MUD,MUD HOUSE SUB REG P/NOIR 750ML,WINE STILL RED,VINARCHY AUSTRALIA,959958,9421018071300,6,17.55,25.99,,
,LA,PENINSULA PANORAMA P/NOIR750ML,WINE STILL RED,VINTAGE HOUSE WINE & SPIR,498583,9325409002020,12,17.35,25.99,,
,YELLOW,YELLOWTAIL SHIRAZ MAGNUM  1.5L,WINE STILL RED,CASELLA WINES PTY LTD,278409,9322214011483,6,17.32,25.99,,
,VASSE,VASSE FELIX FILIUS C/SAU 750ML,WINE STILL RED,SAMUEL SMITH & SON,648691,9315032003068,6,17.27,25.99,Y,
,ST,ANGOVE FCREST MCV CAB S  750ML,WINE STILL RED,VINTAGE HOUSE WINE & SPIR,573456,9300694354542,6,17.00,24.99,,
,ST,ANGOVE FCREST MCV GSM    750ML,WINE STILL RED,VINTAGE HOUSE WINE & SPIR,573472,9300694354740,6,17.00,24.99,,
,ST,ANGOVE FCREST MCV SHIRAZ 750ML,WINE STILL RED,VINTAGE HOUSE WINE & SPIR,573480,9300694354948,6,17.00,24.99,,
,ST,ANGOVE FCREST GRENACHE   750ML,WINE STILL RED,VINTAGE HOUSE WINE & SPIRITS,578354,9300694354559,6,17.00,24.99,,
,ST,ST HALLETT GDN EDEN SHRZ 750ML,WINE STILL RED,VINARCHY AUSTRALIA,536771,9316920415079,6,16.94,24.99,,
,TWO,BIRD IN HAND TWO INB SHZ 750ML,WINE STILL RED,BOTTLE IN HAND,550408,9325512000234,6,16.87,24.99,Y,
,PEPPERJACK,PEPPERJACK MIDST SHIRAZ  750ML,WINE STILL RED,TREASURY WINE ESTATES,205008,9300770005771,6,16.76,24.99,Y,
,DE,DE BORTOLI C/CLIMT P/NOIR750ML,WINE STILL RED,DE BORTOLI WINES PTY LIMI,317127,9300752052618,6,16.64,24.99,,
,LA,ARGENTO CLASSIC MALBEC   750ML,WINE STILL RED,OATLEY FINE WINE MERCHANT,221622,7798159560126,6,16.60,24.99,,
,LA,ALAMOS MALBEC 750ML,WINE STILL RED,NEGOCIANTS AUSTRALIA,579321,7794450008084,6,16.34,23.99,Y,
,TE,AUDREY WILK TEMPRANILLO  750ML,WINE STILL RED,JOVAL WINE GROUP PTY LTD,859263,9330726001014,6,15.94,23.99,Y,
,JIM,JIM BARRY COVER DR C/SAV 750ML,WINE STILL RED,SAMUEL SMITH & SON,505880,9314487507015,6,15.60,22.99,Y,
,BURGE,G/BURGE HILLCOT MERLOT   750ML,WINE STILL RED,VINARCHY AUSTRALIA,516467,9315705001605,6,15.59,22.99,Y,
,DE,BLEASDALE BROADSIDE SCM  750ML,WINE STILL RED,NEGOCIANTS AUSTRALIA,580610,9316475001932,6,15.10,22.99,,
,LA,TAMBURLAINE PF PINOT NOIR750ML,WINE STILL RED,TAMBURLAINE ORGANIC WINES,623565,9332496000365,12,15.06,22.99,,
,TE,TYRRELLS HUNTER VY SHIRZ 750ML,WINE STILL RED,JOVAL WINE GROUP PTY LTD,262709,0093452001374,6,14.99,21.99,Y,
,ST,RUFUS STONE H/CTE SHZ    750ML,WINE STILL RED,JOVAL WINE GROUP PTY LTD,786591,0093452434028,6,14.99,21.99,Y,
,LA,TGALLANT C/SCHANCK PNOIR 750ML,WINE STILL RED,TREASURY WINE ESTATES,573309,9326983000471,6,14.96,21.99,,
,DE,DE BORTOLI ONELINE SANGIO750ML,WINE STILL RED,DE BORTOLI WINES PTY LIMI,162019,9300752052014,6,14.95,21.99,,
,MATA,ATMATA ORGANIC SHIRAZ    750ML,WINE STILL RED,CASELLA WINES PTY LTD,962401,9322214014675,6,14.66,21.99,,
,DE,DE BORTOLI PEP &SPC SHZ  750ML,WINE STILL RED,DE BORTOLI WINES PTY LIMI,435030,9300752052915,6,14.45,21.99,,
,WOOD,BROKENWOOD CR/PITCH RED  750ML,WINE STILL RED,SAMUEL SMITH & SON,532366,9318560510015,6,14.12,20.99,,
,LA,BELLA RIVA SANGIOVESE    750ML,WINE STILL RED,DE BORTOLI WINES PTY LIMI,95018,9300752240220,6,14.02,20.99,,
,LA,GO DOWN IN FLAMES SHIRAZ 750ML,WINE STILL RED,TAYLORS WINES PTY LTD,902079,9311659002347,6,13.99,20.99,,
,TE,RED HILL HEATHCOTE SHIRZ 750ML,WINE STILL RED,RED HILL WINE PTY LTD,148620,9329694029076,6,13.99,20.99,Y,
,LA,TAMBURLAINE PF SHIRAZ    750ML,WINE STILL RED,TAMBURLAINE ORGANIC WINES,140787,9332496006671,12,13.97,20.99,,
,LA,TAMBURLAINE PF CAB MERLOT750ML,WINE STILL RED,TAMBURLAINE ORGANIC WINES,657064,9332496006794,12,13.97,20.99,,
,DE,DE BORTOLI PINOTPINOTNOIR750ML,WINE STILL RED,DE BORTOLI WINES PTY LIMI,488907,9300752051673,6,13.88,20.99,,
,LA,BVWC IRONCLAD SHIRAZ     750ML,WINE STILL RED,AUSTRALIAN VINTAGE-DOMEST,451688,9310415020076,6,13.75,20.99,,
,LA,BVWC IRONCLAD GSM        750ML,WINE STILL RED,AUSTRALIAN VINTAGE-DOMEST,451706,9310415020069,6,13.75,20.99,,
,LA,LA BOHEME SYRAH GAMAY 750ML,WINE STILL RED,DE BORTOLI WINES PTY LIMI,569211,9300752084589,6,13.72,20.99,Y,
,LA,LA BOHEME PINOT NOIR     750ML,WINE STILL RED,DE BORTOLI WINES PTY LIMI,902485,9300752087481,6,13.72,20.99,Y,
,LA,LA BOHEME CAB SAUV SANGIO750ML,WINE STILL RED,DE BORTOLI WINES PTY LIMI,644184,9300752086132,6,13.72,20.99,Y,
,ST,TAYLORS EST GRENACHE     750ML,WINE STILL RED,TAYLORS WINES PTY LTD,739683,9311659002880,6,13.55,19.99,Y,
,ST,TAYLORS EST CAB SAUV     750ML,WINE STILL RED,TAYLORS WINES PTY LTD,523935,9311659000626,6,13.55,19.99,Y,
,ST,TAYLORS EST PINOT NOIR   750ML,WINE STILL RED,TAYLORS WINES PTY LTD,514457,9311659000602,6,13.55,19.99,Y,
,ST,TAYLORS EST MERLOT       750ML,WINE STILL RED,TAYLORS WINES PTY LTD,771041,9311659000725,6,13.55,19.99,Y,
,ST,TAYLORS EST SHIRAZ       750ML,WINE STILL RED,TAYLORS WINES PTY LTD,523862,9311659000572,6,13.55,19.99,Y,
,LA,METALA W/L SHIRAZ        750ML,WINE STILL RED,OATLEY FINE WINE MERCHANT,997249,9359598000000,6,13.35,19.99,Y,
,LA,METALA W/L CAB SAUV      750ML,WINE STILL RED,OATLEY FINE WINE MERCHANT,996272,9359598000024,6,13.35,19.99,Y,
,LA,METALA W/L SHIRAZ CAB    750ML,WINE STILL RED,OATLEY FINE WINE MERCHANT,996777,9359598000017,6,13.35,19.99,Y,
,SQUEALING,SQUEALING PIG CABS       750ML,WINE STILL RED,TREASURY WINE ESTATES,234230,9415305002733,6,13.24,19.99,Y,
,SQUEALING,SQUEALING PIG SHIRAZ     750ML,WINE STILL RED,TREASURY WINE ESTATES,234280,9415305002719,6,13.24,19.99,Y,
,SQUEALING,SQUEALING PIG PINOT NOIR 750ML,WINE STILL RED,TREASURY WINE ESTATES,535830,9415305993604,6,13.24,19.99,Y,
,DE,DE BORTOLI ORG SHIRAZ FB 750ML,WINE STILL RED,DE BORTOLI WINES PTY LIMI,485292,9300752051055,6,12.74,18.99,,
,LA,TAMBURLAINE ORG CAB SAUV 750ML,WINE STILL RED,TAMBURLAINE ORGANIC WINES,569897,9332496003243,12,12.63,18.99,,
,LA,TAMBURLAINE ORG SHIRAZ   750ML,WINE STILL RED,TAMBURLAINE ORGANIC WINES,569884,9332496003236,12,12.63,18.99,,
,LA,TAMBURLAINE ORG MERLOT   750ML,WINE STILL RED,TAMBURLAINE ORGANIC WINES,577887,9332496003298,12,12.63,18.99,,
,WILD,WILD OATS CAB MERLOT     750ML,WINE STILL RED,OATLEY FINE WINE MERCHANT,796627,9338053000090,6,12.61,18.99,Y,
,WILD,WILD OATS MERLOT         750ML,WINE STILL RED,OATLEY FINE WINE MERCHANT,486094,9338053006399,6,12.61,18.99,Y,
,WILD,WILD OATS SHIRAZ         750ML,WINE STILL RED,OATLEY FINE WINE MERCHANT,520322,9338053001103,6,12.61,18.99,Y,
,VASSE,VASSE FELIX CLS DRY RED  750ML,WINE STILL RED,SAMUEL SMITH & SON,534669,9315032001323,12,12.46,18.99,Y,
,LA,TGALLANT JULIET P/NOIR   750ML,WINE STILL RED,TREASURY WINE ESTATES,895926,9326983000921,6,11.99,17.99,,
,LA,DONELLI LAMBRUSCO RED    750ML,WINE STILL RED,COMBINED WINE & FOODS,519033,8008920001369,6,11.38,16.99,,
,PENFOLDS,PENFOLDS K/HILL SHZ CAB  750ML,WINE STILL RED,PENFOLDS WINES INTERNATIO,522599,9310297010905,6,11.28,16.99,Y,
,PENFOLDS,PENFOLDS K/HILL CAB SAV  750ML,WINE STILL RED,PENFOLDS WINES INTERNATIO,855798,9310297652372,6,11.28,16.99,Y,
,PENFOLDS,PENFOLDS K/HILL SHIRAZ   750ML,WINE STILL RED,PENFOLDS WINES INTERNATIO,593320,9310297650170,6,11.28,16.99,Y,
,LA,BROOKLAND VERSE 1 C/MERL 750ML,WINE STILL RED,VINARCHY AUSTRALIA,784230,9321070031550,6,11.12,16.99,,
,LA,LA LA LAND PINOT NOIR    750ML,WINE STILL RED,OATLEY FINE WINE MERCHANT,716122,9319020011110,6,10.94,16.99,Y,
,LA,LA LA LAND MALBEC        750ML,WINE STILL RED,OATLEY FINE WINE MERCHANT,640075,9319020011059,6,10.94,16.99,Y,
,LA,MARETTI ITALIA NERO DVLA 750ML,WINE STILL RED,FOURTH WAVE WINE PARTNERS,473936,9344154024538,6,10.88,15.99,Y,
,ST,ANGOVE EST 1886SHZ M GCH 750ML,WINE STILL RED,VINTAGE HOUSE WINE & SPIR,319899,9300694003082,6,10.87,15.99,,
,TE,MCWILLIAMS TERRA P/NOIR  750ML,WINE STILL RED,CALABRIA FAMILY WINES P/L,432074,9311769007249,6,10.76,15.99,,
,LA,D RESERVE LABEL CAB SAUV 750ML,WINE STILL RED,DEE VINE ESTATE,40720,9346647002443,6,10.61,15.99,Y,
,LA,D RESERVE LABEL SHIRAZ   750ML,WINE STILL RED,DEE VINE ESTATE,40408,9346647002450,6,10.61,15.99,Y,
,ST,STONELEIGH MARLB P/NOIR  750ML,WINE STILL RED,VINARCHY AUSTRALIA,548781,9421040012500,6,9.95,14.99,Y,
,DE,DE BORTOLI W/PEAK C/SAUV 750ML,WINE STILL RED,DE BORTOLI WINES PTY LIMI,296635,9300752211732,6,9.39,13.99,Y,
,DE,DE BORTOLI W/PEAK SHZ    750ML,WINE STILL RED,DE BORTOLI WINES PTY LIMI,504054,9300752210353,6,9.39,13.99,Y,
,DE,DE BORTOLI W/PEAK P/NOIR 750ML,WINE STILL RED,DE BORTOLI WINES PTY LIMI,519601,9300752210148,6,9.39,13.99,Y,
,LA,TGALLANT ENCORE PNOIR    750ML,WINE STILL RED,TREASURY WINE ESTATES,269913,9326983001317,6,9.08,13.99,,
,ST,DEAKIN EST PINOT NOIR    750ML,WINE STILL RED,OATLEY FINE WINE MERCHANT,575238,9319020011486,6,8.79,12.99,,
,19,19 CRIMES RED BLEND      750ML,WINE STILL RED,TREASURY WINE ESTATES,834226,9311220004657,6,8.55,12.99,Y,
,19,19 CRIMES MAX SHIRAZ     750ML,WINE STILL RED,TREASURY WINE ESTATES,437192,9311220013390,6,8.55,12.99,Y,
,19,19 CRIMES HALLOWEEN C/SAV750ML,WINE STILL RED,TREASURY WINE ESTATES,525814,9311220013789,6,8.55,12.99,Y,
,19,19 CRIMES PINOT NOIR     750ML,WINE STILL RED,TREASURY WINE ESTATES AUSTRALIA LIMITED,691275,9311220006040,6,8.55,12.99,Y,
,19,19 CRIMES UPRISING RED   750ML,WINE STILL RED,TREASURY WINE ESTATES,230079,9311220005647,6,8.55,12.99,Y,
,19,19 CRIMES MALBEC         750ML,WINE STILL RED,TREASURY WINE ESTATES,873461,9311220007382,6,8.55,12.99,Y,
,19,19 CRIMES HALLOWEEN SHZ 750ML,WINE STILL RED,TREASURY WINE ESTATES,278373,9311220013765,6,8.55,12.99,Y,
,19,19 CRIMES HALLOWEEN PNOIR750ML,WINE STILL RED,TREASURY WINE ESTATES,525759,9311220013826,6,8.55,12.99,Y,
,19,19 CRIMES CAB SAUV       750ML,WINE STILL RED,TREASURY WINE ESTATES,834284,9311220004633,6,8.55,12.99,Y,
,19,19 CRIMES SHIRAZ         750ML,WINE STILL RED,TREASURY WINE ESTATES,524423,9311220005005,6,8.55,12.99,Y,
,DE,DE BORTOLI DEEN SHIRAZ   750ML,WINE STILL RED,DE BORTOLI WINES PTY LIMI,529876,9300752010366,6,8.35,12.99,Y,
,DE,DE BORTOLI DEEN DURIF    750ML,WINE STILL RED,DE BORTOLI WINES PTY LIMI,510843,9300752010380,6,8.35,12.99,Y,
,DE,DE BORTOLI DEEN CAB SAUV 750ML,WINE STILL RED,DE BORTOLI WINES PTY LIMI,515089,9300752010304,6,8.35,12.99,Y,
,CREEK,IRON BARK CREEK SHIRAZ    1.5L,WINE STILL RED,BERTON VINEYARDS P/L,487956,9335966006140,6,8.08,11.99,Y,
,BANROCK,BANROCK STN CAB MERLOT      1L,WINE STILL RED,VINARCHY AUSTRALIA,761258,9311043766633,6,8.02,11.99,Y,
,BANROCK,BANROCK STN SHIRAZ          1L,WINE STILL RED,VINARCHY AUSTRALIA,753742,9311043766602,6,8.02,11.99,Y,
,BANROCK,BANROCK STN ROSE            1L,WINE STILL RED,VINARCHY AUSTRALIA,825125,9311043766442,6,8.02,11.99,Y,
,BANROCK,BANROCK STN CRIMSON CAB     1L,WINE STILL RED,VINARCHY AUSTRALIA,568391,9311043766435,6,8.02,11.99,Y,
,ST,DEAKIN EST CAB SAUVIGNON 750ML,WINE STILL RED,OATLEY FINE WINE MERCHANT,523951,9319020011431,12,7.76,11.99,Y,
,ST,DEAKIN EST SHIRAZ        750ML,WINE STILL RED,OATLEY FINE WINE MERCHANT,517984,9319020011462,12,7.76,11.99,Y,
,ST,STONEGATE CAB SAUV       750ML,WINE STILL RED,VINTAGE HOUSE WINE & SPIR,925836,9300694340347,12,7.70,11.99,,
,LA,OXFORD LANDING CAB SHZ   750ML,WINE STILL RED,SAMUEL SMITH & SON,523155,9311789279596,6,7.57,11.99,Y,
,LA,OXFORD LANDING MERLOT    750ML,WINE STILL RED,SAMUEL SMITH & SON,511750,9311789563466,6,7.57,11.99,Y,
,LA,OXFORD LANDING SHIRAZ    750ML,WINE STILL RED,SAMUEL SMITH & SON,779586,9311789431666,6,7.57,11.99,Y,
,LA,RICHLAND CAB SAUVIGNON   750ML,WINE STILL RED,CALABRIA FAMILY WINES P/L,770621,9319020000268,12,7.52,11.99,Y,
,LA,RICHLAND MERLOT          750ML,WINE STILL RED,CALABRIA FAMILY WINES P/L,770891,9319020000282,12,7.52,11.99,Y,
,LA,RICHLAND SHIRAZ          750ML,WINE STILL RED,CALABRIA FAMILY WINES P/L,770671,9319020000251,12,7.52,11.99,Y,
,LA,RICHLAND PINOT NOIR      750ML,WINE STILL RED,CALABRIA FAMILY WINES P/L,585576,9319020006307,12,7.52,11.99,Y,
,PENFOLDS,PENFOLDS K/HILL SHZ CAB  375ML,WINE STILL RED,PENFOLDS WINES INTERNATIO,522298,9310297012909,12,7.44,10.99,,
,YELLOW,YELLOWTAIL CAB MERLOT    750ML,WINE STILL RED,CASELLA WINES PTY LTD,669731,9322214009701,12,7.35,10.99,Y,
,YELLOW,YELLOWTAIL SANGRIA      750ML,WINE STILL RED,CASELLA WINES PTY LTD,585445,9322214012305,12,7.35,10.99,Y,
,YELLOW,YELLOWTAIL PINOT NOIR    750ML,WINE STILL RED,CASELLA WINES PTY LTD,780105,9322214010523,12,7.35,10.99,Y,
,YELLOW,YELLOWTAIL BIG BOLD RED  750ML,WINE STILL RED,CASELLA WINES PTY LTD,436900,9322214012107,12,7.35,10.99,Y,
,YELLOW,YELLOWTAIL CAB SAUVIGNON 750ML,WINE STILL RED,CASELLA WINES PTY LTD,504410,9322214008988,12,7.35,10.99,Y,
,YELLOW,YELLOWTAIL MERLOT        750ML,WINE STILL RED,CASELLA WINES PTY LTD,579562,9322214009060,12,7.35,10.99,Y,
,YELLOW,YELLOWTAIL JAMMY RED     750ML,WINE STILL RED,CASELLA WINES PTY LTD,273771,9322214015863,12,7.35,10.99,Y,
,YELLOW,YELLOWTAIL SHIRAZ        750ML,WINE STILL RED,CASELLA WINES PTY LTD,580709,9322214007400,12,7.35,10.99,Y,
,HARDYS,HARDYS VR SHIRAZ            1L,WINE STILL RED,VINARCHY AUSTRALIA,535267,9311043090479,6,6.91,10.99,Y,
,HARDYS,HARDYS VR P/NOIR            1L,WINE STILL RED,VINARCHY AUSTRALIA,60445,9311043860539,6,6.91,10.99,Y,
,HARDYS,HARDYS VR CAB SAUVIGNON     1L,WINE STILL RED,VINARCHY AUSTRALIA,534407,9311043090158,6,6.91,10.99,Y,
,HARDYS,HARDYS VR MERLOT            1L,WINE STILL RED,VINARCHY AUSTRALIA,534499,9311043089008,6,6.91,10.99,Y,
,TE,MCGUIGAN BLK LBL TEMP    750ML,WINE STILL RED,AUSTRALIAN VINTAGE-DOMEST,960166,9310415017632,6,6.79,9.99,Y,
,DE,DE BORTOLI W/MAKER MERL  750ML,WINE STILL RED,DE BORTOLI WINES PTY LIMI,355015,9300752203355,6,6.72,9.99,Y,
,DE,DE BORTOLI W/MAKER SHZ   750ML,WINE STILL RED,DE BORTOLI WINES PTY LIMI,933509,9300752201498,6,6.72,9.99,Y,
,DE,DE BORTOLI W/MAKER C/SAV 750ML,WINE STILL RED,DE BORTOLI WINES PTY LIMI,933486,9300752201474,6,6.72,9.99,Y,
,DE,DE BORTOLI ROSEROSE MAGNUM1.5L,WINE STILL ROSE,DE BORTOLI WINES PTY LIMI,488708,9300752051512,6,26.09,38.99,,
,LA,MIRABEAU CLASSIC ROSE    750ML,WINE STILL ROSE,OATLEY FINE WINE MERCHANT,703187,3760010530016,6,24.51,35.99,,
,WOOD,BROKENWOOD ROSATO        750ML,WINE STILL ROSE,SAMUEL SMITH & SON,489092,9318560210083,12,18.45,27.99,Y,
,DE,DEVILS CORNER ROSE       750ML,WINE STILL ROSE,BROWN FAMILY WINE GROUP,986235,9325814006309,6,18.20,26.99,Y,
,JIM,JIM BARRY ANNABELLE ROSE 750ML,WINE STILL ROSE,SAMUEL SMITH & SON,900001,9314487817176,6,18.18,26.99,,
,LA,LAMBROOK ROSE            750ML,WINE STILL ROSE,VINTAGE HOUSE WINE & SPIR,678183,9346847000089,12,16.79,24.99,,
,LA,BERESFORD CLASSIC ROSE   750ML,WINE STILL ROSE,VOK BEVERAGES PTY LTD,615287,9315212007039,6,16.68,24.99,,
,TE,TEMPUS 3 DRY ROSE        750ML,WINE STILL ROSE,AUSTRALIAN VINTAGE-DOMEST,323144,9315743504885,6,15.28,22.99,,
,LA,TGALLANT C/SCHANCK ROSE  750ML,WINE STILL ROSE,TREASURY WINE ESTATES,663683,9326983000570,6,14.96,21.99,,
,MATA,ATMATA ORGANIC ROSE      750ML,WINE STILL ROSE,CASELLA WINES PTY LTD,994474,9322214014644,6,14.66,21.99,,
,LA,TAMBURLAINE PF ROSE      750ML,WINE STILL ROSE,TAMBURLAINE ORGANIC WINES,665339,9332496007432,12,13.97,20.99,,
,DE,DE BORTOLI ROSE ROSE     750ML,WINE STILL ROSE,DE BORTOLI WINES PTY LIMI,770650,9300752050355,6,13.88,20.99,,
,LA,LA BOHEME DRY ROSE       750ML,WINE STILL ROSE,DE BORTOLI WINES PTY LIMI,529685,9300752083131,6,13.72,20.99,Y,
,ST,TAYLORS EST ROSE         750ML,WINE STILL ROSE,TAYLORS WINES PTY LTD,707563,9311659001531,6,13.55,19.99,Y,
,SQUEALING,SQUEALING PIG ROSE       750ML,WINE STILL ROSE,TREASURY WINE ESTATES,480941,9415305436057,6,13.24,19.99,Y,
,LA,TAMBURLAINE ORG ROSE     750ML,WINE STILL ROSE,TAMBURLAINE ORGANIC WINES,300861,9332496000228,12,12.63,18.99,,
,WILD,WILD OATS ROSE           750ML,WINE STILL ROSE,OATLEY FINE WINE MERCHANT,796635,9338053000076,6,12.61,18.99,Y,
,VASSE,VASSE FELIX CLS DRY ROSE 750ML,WINE STILL ROSE,SAMUEL SMITH & SON,873380,9315032003082,12,12.46,18.99,Y,
,DE,DE BORTOLI RIVA ROSE 750ML,WINE STILL ROSE,DE BORTOLI WINES PTY LIMI,213501,9300752052373,6,11.88,17.99,,
,MUD,MUD HOUSE CORE ROSE      750ML,WINE STILL ROSE,VINARCHY AUSTRALIA,146940,9421018071553,6,11.74,17.99,Y,
,LA,LA LA LAND ROSE          750ML,WINE STILL ROSE,OATLEY FINE WINE MERCHANT,715896,9319020011073,6,10.94,16.99,Y,
,ST,STONELEIGH MARLB P/NR RSE750ML,WINE STILL ROSE,VINARCHY AUSTRALIA,830308,9421040012463,6,9.95,14.99,Y,
,JACOBS,JACOBS CK C/HARVEST ROSE 750ML,WINE STILL ROSE,VINARCHY AUSTRALIA,544368,9311043405976,6,8.90,13.99,Y,
,LA,OXFORD LANDING ROSE      750ML,WINE STILL ROSE,SAMUEL SMITH & SON,396053,9311789009650,6,7.57,11.99,Y,
,YELLOW,YELLOWTAIL ROSE          750ML,WINE STILL ROSE,CASELLA WINES PTY LTD,591386,9322214010486,12,7.35,10.99,Y,
,HARDYS,HARDYS VR ROSE              1L,WINE STILL ROSE,VINARCHY AUSTRALIA,224065,9311043842160,6,6.91,10.99,Y,
,ST,COLDSTREAM HILL DF CHARD 750ML,WINE STILL WHITE,TREASURY WINE ESTATES,828602,9315926000234,6,41.97,61.99,,
,SHAW,SHAW & SMITH M3 CHARD    750ML,WINE STILL WHITE,JOVAL WINE GROUP PTY LTD,505238,9316770010127,6,41.57,60.99,Y,
,ST,TAYLORS ST ANDREWSRIES26 750ML,WINE STILL WHITE,TAYLORS WINES PTY LTD,526726,9311659003306,6,32.22,47.99,,
,ST,TAYLORS ST ANDREWS CHD24 750ML,WINE STILL WHITE,TAYLORS WINES PTY LTD,528029,9311659003283,6,32.22,47.99,,
,VASSE,VASSE FELIX CHARDONNAY   750ML,WINE STILL WHITE,SAMUEL SMITH & SON,801773,9315032008087,6,31.53,46.99,,
,ST,COLDSTREAM HILL CHARD    750ML,WINE STILL WHITE,TREASURY WINE ESTATES,537340,9315926960019,6,30.79,45.99,,
,DE,DE BORTOLI NOBLE ONE     375ML,WINE STILL WHITE,DE BORTOLI WINES PTY LIMI,540385,9300752071732,6,29.78,43.99,,
,DE,DE BORTOLI PHI CHARDONNAY750ML,WINE STILL WHITE,DE BORTOLI WINES PTY LIMI,212908,9300752160269,6,28.50,41.99,,
,DE,DEVILS CORNER RES CHARD  750ML,WINE STILL WHITE,BROWN BROTHERS MILAWA VINEYARD PTY. LIMITED,673484,9325814006606,6,26.76,39.99,,
,ST,ST HUGO CHARDONNAY      750ML,WINE STILL WHITE,VINARCHY AUSTRALIA,846859,9311043402609,6,26.58,38.99,,
,DE,DE BORTOLI RE RENAIS VRM 750ML,WINE STILL WHITE,DE BORTOLI WINES PTY LIMI,212898,9300752121000,6,26.25,38.99,,
,JIM,JIM BARRY ASSYRTIKO      750ML,WINE STILL WHITE,SAMUEL SMITH & SON,932257,9314487000950,6,26.14,38.99,,
,ST,COLDSTREAM HILL SAV BLNC 750ML,WINE STILL WHITE,TREASURY WINE ESTATES,568765,9315926970124,6,25.55,37.99,,
,TE,CHATEAU TANUNDA SV CHARD 750ML,WINE STILL WHITE,AUST FOOD & BEVERAGE PTY,446379,9313181006183,6,24.16,35.99,Y,
,LA,ORLANDO HILARY AH CHARD 750ML,WINE STILL WHITE,VINARCHY AUSTRALIA,251305,9311043403323,6,23.90,35.99,,
,WOOD,BROKENWOOD CHARDONNAY    750ML,WINE STILL WHITE,SAMUEL SMITH & SON,534287,9318560030032,12,23.08,33.99,,
,SHAW,PHILIP SHAW NO19 SAU BLN 750ML,WINE STILL WHITE,OATLEY FINE WINE MERCHANT,532845,9336520000024,6,22.56,33.99,,
,ST,EDDYSTONE POINT PNT GRIS 750ML,WINE STILL WHITE,VINARCHY AUSTRALIA,518451,9311043708190,6,21.96,32.99,,
,LA,NAUTILUS SAUVIGNON BLANC 750ML,WINE STILL WHITE,SAMUEL SMITH & SON,530487,9416827004021,12,20.37,29.99,,
,LA,NINTH ISLAND CHARDONNAY  750ML,WINE STILL WHITE,PURE WINE COMPANY PTY LTD,546014,9315314990017,6,19.56,28.99,,
,LA,NINTH ISLAND SAUV BLANC  750ML,WINE STILL WHITE,PURE WINE COMPANY PTY LTD,555178,9315314990376,6,19.56,28.99,,
,LA,NINTH ISLAND PINOT GRIG  750ML,WINE STILL WHITE,PURE WINE COMPANY PTY LTD,535152,9315314990383,6,19.56,28.99,,
,HILL,HENSCHKE PEGGY HILL RIES 750ML,WINE STILL WHITE,JOVAL WINE GROUP PTY LTD,589371,9320909005304,6,19.25,28.99,,
,DE,DE BORTOLI EV PINOT GRIS 750ML,WINE STILL WHITE,DE BORTOLI WINES PTY LIMI,572007,9300752087917,6,19.11,28.99,,
,DE,DE BORTOLI EV CHARD      750ML,WINE STILL WHITE,DE BORTOLI WINES PTY LIMI,535699,9300752081700,6,19.11,28.99,,
,TE,PHILIP SHAW ARCHITEC CHD 750ML,WINE STILL WHITE,OATLEY FINE WINE MERCHANT,515791,9336520000116,6,18.96,27.99,Y,
,WOOD,BROKENWOOD PINOT GRIS    750ML,WINE STILL WHITE,SAMUEL SMITH & SON,943046,9318560120030,12,18.45,27.99,Y,
,WOOD,BROKENWOOD SEMILLON      750ML,WINE STILL WHITE,SAMUEL SMITH & SON,539928,9318560010034,12,18.45,27.99,Y,
,LA,BIRD IN HAND SAUV BLANC  750ML,WINE STILL WHITE,BOTTLE IN HAND,559342,9325512000135,6,18.21,26.99,Y,
,DE,DEVILS CORNER RIESLING   750ML,WINE STILL WHITE,BROWN FAMILY WINE GROUP,541108,9325814006163,6,18.20,26.99,Y,
,DE,DEVILS CORNER CHARD      750ML,WINE STILL WHITE,BROWN FAMILY WINE GROUP,773467,9325814006026,6,18.20,26.99,Y,
,DE,DEVILS CORNER P/GRIG     750ML,WINE STILL WHITE,BROWN FAMILY WINE GROUP,752128,9325814006408,6,18.20,26.99,Y,
,LA,PONTING F/S SAUV BLANC   750ML,WINE STILL WHITE,CALABRIA FAMILY WINES P/L,648565,9356226000128,6,18.18,26.99,,
,DE,DE BORTOLI RC TUM CHARD  750ML,WINE STILL WHITE,DE BORTOLI WINES PTY LIMI,694498,9300752202112,6,17.62,25.99,,
,LA,MEDITRINA CLARE VAL FIANO750ML,WINE STILL WHITE,MEDITRINA BEVERAGES PTY LTD,179859,9313748034260,6,17.44,25.99,,
,LA,MEDITRINA CLARE VAL RIES 750ML,WINE STILL WHITE,MEDITRINA BEVERAGES PL,179804,9313748034246,6,17.44,25.99,,
,VASSE,VASSE FELIX FILIUS S/BLC 750ML,WINE STILL WHITE,SAMUEL SMITH & SON,376257,9315032004041,6,17.27,25.99,Y,
,VASSE,VASSE FELIX FILIUS CHARD 750ML,WINE STILL WHITE,SAMUEL SMITH & SON,538956,9315032001385,6,17.27,25.99,Y,
,TE,TAYLOR MADE BUTTERY CHARD750ML,WINE STILL WHITE,TAYLORS WINES PTY LTD,339064,9311659003221,6,17.18,25.99,,
,ST,ANGOVE FCREST MCV CHARD  750ML,WINE STILL WHITE,VINTAGE HOUSE WINE & SPIR,573464,9300694379941,6,17.00,24.99,,
,ST,ANGOVE FCREST FIANO      750ML,WINE STILL WHITE,VINTAGE HOUSE WINE & SPIR,370748,9300694354573,6,17.00,24.99,,
,ST,ANGOVE FCREST PINOT GRIS 750ML,WINE STILL WHITE,VINTAGE HOUSE WINE & SPIR,994393,9300694001569,6,17.00,24.99,,
,TWO,BIRD IN HAND TWO INB CHD 750ML,WINE STILL WHITE,BOTTLE IN HAND,550393,9325512000258,6,16.87,24.99,Y,
,LA,LAMBROOK SAUV BLANC      750ML,WINE STILL WHITE,VINTAGE HOUSE WINE & SPIR,640863,9346847000027,12,16.79,24.99,,
,LA,LAMBROOK PINOT GRIS      750ML,WINE STILL WHITE,VINTAGE HOUSE WINE & SPIR,630737,9346847000232,12,16.79,24.99,,
,LA,LAMBROOK SEED CHARDONNAY 750ML,WINE STILL WHITE,VINTAGE HOUSE WINE & SPIR,613044,9346847000294,12,16.79,24.99,,
,LA,LA MASCHERA PINOT GRIGIO 750ML,WINE STILL WHITE,SAMUEL SMITH & SON,126482,9311789003948,6,16.53,24.99,,
,LA,BROOKLAND VLY DISC CHARD 750ML,WINE STILL WHITE,ACCOLADE WINES AUSTRALIA LIMITED,351249,9311420002361,6,16.43,24.99,,
,DE,SIDEWOOD AH PINOT GRIS   750ML,WINE STILL WHITE,SAMUEL SMITH & SON,536496,9342333000144,6,16.29,23.99,Y,
,PEWSEY,PEWSEY VALE RIESLING     750ML,WINE STILL WHITE,SAMUEL SMITH & SON,530225,9311789000190,6,16.11,23.99,Y,
,DE,YALUMBA SC EDEN CHARD    750ML,WINE STILL WHITE,SAMUEL SMITH & SON,581014,9311789006413,6,15.67,22.99,Y,
,ST,WEST CAPE HOWE O/SCH CHD 750ML,WINE STILL WHITE,NEGOCIANTS AUSTRALIA,54449,9329833008306,12,15.39,22.99,,
,TE,TEMPUS 3 CHARDONNAY      750ML,WINE STILL WHITE,AUSTRALIAN VINTAGE-DOMEST,323136,9315743504878,6,15.28,22.99,,
,LA,BABYDOLL MARL SAUV BLANC 750ML,WINE STILL WHITE,YOUNG & RASHLEIGH WINE ME,571577,9421025021473,12,15.08,22.99,,
,TE,TYRRELLS HUNTER VY SEMIL 750ML,WINE STILL WHITE,JOVAL WINE GROUP PTY LTD,262678,0093452001381,6,14.99,21.99,Y,
,TE,TYRRELLS HUNTER VY CHARD 750ML,WINE STILL WHITE,JOVAL WINE GROUP PTY LTD,262660,0093452001367,6,14.99,21.99,Y,
,LA,TGALLANT C/SCHANCK P/GRIG750ML,WINE STILL WHITE,TREASURY WINE ESTATES,531983,9326983000303,6,14.96,21.99,,
,DE,DE BORTOLI ONELINE FIANO 750ML,WINE STILL WHITE,DE BORTOLI WINES PTY LIMI,772982,9300752051970,6,14.95,21.99,,
,DE,DE BORTOLI ONELINE P/GRIG750ML,WINE STILL WHITE,DE BORTOLI WINES PTY LIMI,772851,9300752051994,6,14.95,21.99,,
,PENFOLDS,PENFOLDS K/HILL AUT RIES 750ML,WINE STILL WHITE,PENFOLDS WINES INTERNATIO,657556,9310297000623,6,14.70,21.99,,
,ST,STONELEIGH ORG SAUV BLNC 750ML,WINE STILL WHITE,VINARCHY AUSTRALIA,906934,9421040012364,6,14.68,21.99,,
,MATA,ATMATA ORGANIC CHARD     750ML,WINE STILL WHITE,CASELLA WINES PTY LTD,442671,9322214016501,6,14.66,21.99,,
,LA,NEPENTHE ALT SAUV BLANC  750ML,WINE STILL WHITE,AUSTRALIAN VINTAGE-DOMEST,576603,0813036001015,6,14.19,20.99,Y,
,LA,VIDAL SAUVIGNON BLANC    750ML,WINE STILL WHITE,CALABRIA FAMILY WINES P/L,542442,9414416382307,6,14.13,20.99,,
,DE,DE BORTOLI TI AMO FIANO 750ML,WINE STILL WHITE,DE BORTOLI WINES PTY LIMI,974178,9300752203515,6,14.13,20.99,,
,WOOD,BROKENWOOD CR/PITCH WHT  750ML,WINE STILL WHITE,SAMUEL SMITH & SON,533443,9318560020026,6,14.12,20.99,,
,LA,TWIN ISLANDS SAU BLANC   750ML,WINE STILL WHITE,SAMUEL SMITH & SON,528969,9416827001020,12,14.09,20.99,Y,
,LA,BELLA RIVA PINOT GRIGIO  750ML,WINE STILL WHITE,DE BORTOLI WINES PTY LIMI,94973,9300752240244,6,14.02,20.99,,
,LA,FLIGHT OF FANCY S/BLANC  750ML,WINE STILL WHITE,TAYLORS WINES PTY LTD,411913,9311659002736,6,13.99,20.99,,
,ST,RED HILL EST P/GRIGIO    750ML,WINE STILL WHITE,RED HILL WINE PTY LTD,785341,9325823000879,6,13.99,20.99,Y,
,LA,BELENA NZ S/BLANC        750ML,WINE STILL WHITE,CALABRIA FAMILY WINES P/L,822774,9319020013336,6,13.97,20.99,Y,
,LA,TAMBURLAINE PF CHARD     750ML,WINE STILL WHITE,TAMBURLAINE ORGANIC WINES,140740,9332496006688,12,13.97,20.99,,
,LA,TAMBURLAINE PF P/GRIS    750ML,WINE STILL WHITE,TAMBURLAINE ORGANIC WINES,394881,9332496000341,12,13.97,20.99,,
,LA,TAMBURLAINE PF S/BLANC   750ML,WINE STILL WHITE,TAMBURLAINE ORGANIC WINES,644809,9332496006978,12,13.97,20.99,,
,DE,DE BORTOLI LOVE MOSCATO  750ML,WINE STILL WHITE,DE BORTOLI WINES PTY LIMI,395235,9300752053073,6,13.88,20.99,,
,DE,DE BORTOLI BLUE GRIS 750ML,WINE STILL WHITE,DE BORTOLI WINES PTY LIMI,317868,9300752050980,6,13.88,20.99,,
,LA,RED HUT SAUV BLANC       750ML,WINE STILL WHITE,FOURTH WAVE WINE PARTNERS,276740,9344154023494,6,13.75,20.99,Y,
,LA,LA BOHEME PINOT GRIS     750ML,WINE STILL WHITE,DE BORTOLI WINES PTY LIMI,529708,9300752083155,6,13.72,20.99,Y,
,LA,LA BOHEME RIESLING       750ML,WINE STILL WHITE,DE BORTOLI WINES PTY LIMI,587594,9300752085128,6,13.72,20.99,Y,
,LA,PIKORUA SAUVIGNON BLANC  750ML,WINE STILL WHITE,OATLEY FINE WINE MERCHANT,550136,9338053001905,6,13.67,20.99,,
,LA,BARKING FROG SAUV BLANC  750ML,WINE STILL WHITE,EDGEMILL BEVERAGES,225671,9323594400461,6,13.66,20.99,Y,
,ST,TAYLORS EST PINOT GRIS   750ML,WINE STILL WHITE,TAYLORS WINES PTY LTD,654710,9311659000954,6,13.55,19.99,Y,
,ST,TAYLORS EST RIESLING     750ML,WINE STILL WHITE,TAYLORS WINES PTY LTD,529648,9311659000527,6,13.55,19.99,Y,
,ST,TAYLORS EST CHARDONNAY   750ML,WINE STILL WHITE,TAYLORS WINES PTY LTD,539253,9311659000565,6,13.55,19.99,Y,
,LA,DUSKY SOUNDS S/BLANC OP  750ML,WINE STILL WHITE,VINARCHY AUSTRALIA,590013,9421018070709,6,13.53,19.99,,
,LA,LES PEYRAUTINS SAUV BLANC750ML,WINE STILL WHITE,VINTAGE HOUSE WINE & SPIR,666092,3700619329901,12,13.41,19.99,Y,
,19,19 CRIMES MAX CHARD      750ML,WINE STILL WHITE,TREASURY WINE ESTATES,521632,9311220013604,6,13.33,19.99,,
,LA,LITTLE BERRY SAUV BLANC  750ML,WINE STILL WHITE,TREASURY WINE ESTATES,454194,9325040002328,6,13.33,19.99,,
,LA,CASSEGRAIN SC SEM S/BLANC750ML,WINE STILL WHITE,VINTAGE HOUSE WINE & SPIR,775985,9314541001114,12,13.27,19.99,,
,SQUEALING,SQUEALING PIG CHARDONNAY 750ML,WINE STILL WHITE,TREASURY WINE ESTATES,219170,9415305001439,6,13.24,19.99,Y,
,SQUEALING,SQUEALING PIG P/GRIS NZ  750ML,WINE STILL WHITE,TREASURY WINE ESTATES,861799,9415305004669,6,13.24,19.99,Y,
,LA,PITCHFORK SEM SAUV BLANC 750ML,WINE STILL WHITE,NEGOCIANTS AUSTRALIA,564575,9318462000133,6,13.17,19.99,,
,LA,MT RILEY SAUV BLANC      750ML,WINE STILL WHITE,VINTAGE HOUSE WINE & SPIR,968601,9419663020002,6,13.14,19.99,,
,LA,HAHA MARLBRGH SAUV BLANC 750ML,WINE STILL WHITE,NEGOCIANTS AUSTRALIA,572303,9421901183004,6,13.01,19.99,Y,
,LA,FLOWERPOT ORG SAUV BLANC 750ML,WINE STILL WHITE,TREASURY WINE ESTATES,36019,9310297023714,6,12.90,18.99,,
,LA,REDBANK VIC SAUV BLANC   750ML,WINE STILL WHITE,NEGOCIANTS AUSTRALIA,587337,9311789646961,6,12.77,18.99,,
,DE,DE BORTOLI ORG CHARDONNAY750ML,WINE STILL WHITE,DE BORTOLI WINES PTY LIMI,601343,9300752051154,6,12.74,18.99,,
,LA,TULLOCH SEM SAUV BLANC   750ML,WINE STILL WHITE,VINTAGE HOUSE WINE & SPIR,985412,9316553550192,6,12.68,18.99,,
,DE,DE BORTOLI DEEN BOT SEM  375ML,WINE STILL WHITE,DE BORTOLI WINES PTY LIMI,531629,9300752010342,6,12.66,18.99,,
,LA,TAMBURLAINE ORG CHARD    750ML,WINE STILL WHITE,TAMBURLAINE ORGANIC WINES,569902,9332496003212,12,12.63,18.99,,
,LA,TAMBURLAINE ORG P/GRIS   750ML,WINE STILL WHITE,TAMBURLAINE ORGANIC WINES,369051,9332496006817,12,12.63,18.99,,
,LA,TAMBURLAINE ORG RIESLING 750ML,WINE STILL WHITE,TAMBURLAINE ORGANIC WINES,992875,9332496007203,12,12.63,18.99,,
,LA,TAMBURLAINE ORG S/BLANC  750ML,WINE STILL WHITE,TAMBURLAINE ORGANIC WINES,569889,9332496003229,12,12.63,18.99,,
,WILD,WILD OATS CHARDONNAY     750ML,WINE STILL WHITE,OATLEY FINE WINE MERCHANT,796588,9338053000014,6,12.61,18.99,Y,
,WILD,WILD OATS PINOT GRIGIO   750ML,WINE STILL WHITE,OATLEY FINE WINE MERCHANT,796596,9338053000113,6,12.61,18.99,Y,
,WILD,WILD OATS SAV BLNC SEM   750ML,WINE STILL WHITE,OATLEY FINE WINE MERCHANT,796619,9338053000052,6,12.61,18.99,Y,
,LA,NO EVIL ORGANIC SAVBLANC 750ML,WINE STILL WHITE,FOURTH WAVE WINE PARTNERS,969178,9344154011088,6,12.51,18.99,,
,VASSE,VASSE FELIX CLS DRY WHT  750ML,WINE STILL WHITE,SAMUEL SMITH & SON,538948,9315032001262,12,12.46,18.99,Y,
,DE,DE BORTOLI RR CHARD      750ML,WINE STILL WHITE,DE BORTOLI WINES PTY LIMI,928287,9300752130347,12,12.32,18.99,,
,LA,TGALLANT JULIET P/GRIG  750ML,WINE STILL WHITE,TREASURY WINE ESTATES,751821,9326983000914,6,11.99,17.99,,
,LA,PALADINO P/GRIGIO VENETO 750ML,WINE STILL WHITE,VINTAGE HOUSE WINE & SPIR,439296,8005286025909,12,11.90,17.99,,
,LA,NATURALIS ORGANIC S/BLANC750ML,WINE STILL WHITE,VINTAGE HOUSE WINE & SPIR,966104,9300694001743,6,11.78,17.99,,
,MUD,MUD HOUSE PINOT GRIS     750ML,WINE STILL WHITE,VINARCHY AUSTRALIA,510026,9421018071171,6,11.74,17.99,Y,
,LA,THE GRAYLING SAUV BLANC  750ML,WINE STILL WHITE,VINARCHY AUSTRALIA,602784,9421040013644,6,11.70,17.99,,
,ST,BROWN BRO MOSCATO ST&CR  750ML,WINE STILL WHITE,BROWN FAMILY WINE GROUP,165067,9311124000212,6,11.69,17.99,Y,
,LA,MOJO SAUVIGNON BLANC     750ML,WINE STILL WHITE,JOVAL WINE GROUP PTY LTD,943127,9316128000602,6,11.40,16.99,Y,
,PENFOLDS,PENFOLDS K/HILL CHARD    750ML,WINE STILL WHITE,PENFOLDS WINES INTERNATIO,531996,9310297028917,6,11.28,16.99,Y,
,ST,MATUA VLY 1ST FRST S/BLC 750ML,WINE STILL WHITE,TREASURY WINE ESTATES,517874,9415305132096,6,11.26,16.99,Y,
,LA,BROOKLAND VERSE 1 CHARD  750ML,WINE STILL WHITE,VINARCHY AUSTRALIA,772217,9321070035305,6,11.12,16.99,,
,LA,BROOKLAND VERSE 1 SSB    750ML,WINE STILL WHITE,VINARCHY AUSTRALIA,784248,9321070031543,6,11.12,16.99,,
,LA,TA KU SAUVIGNON BLANC    750ML,WINE STILL WHITE,VINARCHY AUSTRALIA,513537,9311043012747,6,11.10,16.99,Y,
,LA,LOS DIAS JALAPENO S/BLANC750ML,WINE STILL WHITE,FOURTH WAVE WINE PARTNERS,540754,9344154025016,6,11.01,16.99,,
,LA,LOS DIAS JALAPENO P/GRIG 750ML,WINE STILL WHITE,FOURTH WAVE WINE PARTNERS,549910,9344154025030,6,11.01,16.99,,
,LA,LA LA LAND PINOT GRIS    750ML,WINE STILL WHITE,OATLEY FINE WINE MERCHANT,891100,9319020011066,6,10.94,16.99,Y,
,LA,HERO OF ZERO PF SAV BLANC750ML,WINE STILL WHITE,FOURTH WAVE WINE PARTNERS,884425,9344154014911,6,10.88,15.99,Y,
,ST,ANGOVE ESTD 1886 CHARD   750ML,WINE STILL WHITE,VINTAGE HOUSE WINE & SPIR,318903,9300694003112,6,10.87,15.99,,
,LA,3 TALES MARLB SAUV BLANC 750ML,WINE STILL WHITE,DE BORTOLI WINES PTY LIMI,653780,9421901182052,6,10.86,15.99,Y,
,TE,MCWILLIAMS TERRA CHARD   750ML,WINE STILL WHITE,CALABRIA FAMILY WINES P/L,432244,9311769007362,6,10.76,15.99,,
,LA,BARKING MAD SAUV BLANC   750ML,WINE STILL WHITE,REILLY'S WINES,503082,9324633000802,6,10.64,15.99,Y,
,LA,D RESERVE LABEL CHARD 750ML,WINE STILL WHITE,DEE VINE ESTATE,511352,9346647002849,6,10.61,15.99,Y,
,LA,SARI SAUV BLANC          750ML,WINE STILL WHITE,FOURTH WAVE WINE PARTNERS,540393,9344154025177,6,10.54,15.99,,
,ST,ST AMAND WVALE RIESLING  750ML,WINE STILL WHITE,INDEPENDENT LIQUOR RETAIL,900543,9343959004486,12,10.49,15.99,Y,
,LA,MIRACLE OTW SAUV BLANC   750ML,WINE STILL WHITE,LEOGATE ESTATE WINES PTY.,389797,9351518000800,6,10.35,15.99,Y,
,LA,BONE DRY SAUVIGNON BLANC 750ML,WINE STILL WHITE,DEM BONES WINES PTY,476167,9352694003517,6,9.99,14.99,Y,
,ST,STONELEIGH MARLB CHARD   750ML,WINE STILL WHITE,VINARCHY AUSTRALIA,595005,9421040014047,6,9.95,14.99,Y,
,ST,STONELEIGH MARLB P/GRIS  750ML,WINE STILL WHITE,VINARCHY AUSTRALIA,561006,9311043404207,6,9.95,14.99,Y,
,LA,TREAD SOFTLY SAUV BLANC  750ML,WINE STILL WHITE,FOURTH WAVE WINE PARTNERS,723035,9344154013754,6,9.83,14.99,Y,
,LA,ENZED SAUVIGNON BLANC    750ML,WINE STILL WHITE,INDEPENDENT LIQUOR RETAIL,305057,9421905635585,12,9.55,14.99,Y,
,LA,RARE PENNY SAUVIGNONBLANC750ML,WINE STILL WHITE,EDGEMILL BEVERAGES,390934,9323594002764,6,9.40,13.99,Y,
,LA,HAARKA SAUVIGNON BLANC   750ML,WINE STILL WHITE,INDEPENDENT LIQUOR RETAIL,469131,9421902247743,12,9.40,13.99,Y,
,DE,DE BORTOLI W/PEAK P/GRIG 750ML,WINE STILL WHITE,DE BORTOLI WINES PTY LIMI,856320,9300752210643,6,9.39,13.99,Y,
,DE,DE BORTOLI W/PEAK CHARD  750ML,WINE STILL WHITE,DE BORTOLI WINES PTY LIMI,532691,9300752210209,6,9.39,13.99,Y,
,LA,TGALLANT ENCORE PINO GRIG750ML,WINE STILL WHITE,TREASURY WINE ESTATES,180601,9326983001430,6,9.08,13.99,,
,LA,SHEEP SHAPE SAUV BLANC   750ML,WINE STILL WHITE,DE BORTOLI WINES PTY LIMI,439369,9300752200835,12,8.77,12.99,,
,LA,BARKING TREE SAUV BLANC N750ML,WINE STILL WHITE,INDEPENDENT LIQUOR RETAIL,456900,9326399002717,12,8.72,12.99,Y,
,19,19 CRIMES HALLOWEEN CHARD750ML,WINE STILL WHITE,TREASURY WINE ESTATES,278331,9311220013819,6,8.55,12.99,Y,
,19,19 CRIMES HARD CHARD     750ML,WINE STILL WHITE,TREASURY WINE ESTATES,149998,9311220005869,6,8.55,12.99,Y,
,19,19 CRIMES MOSCATO NV     750ML,WINE STILL WHITE,TREASURY WINE ESTATES,302884,9311220011709,6,8.55,12.99,Y,
,19,19 CRIMES PINOT GRIGIO   750ML,WINE STILL WHITE,TREASURY WINE ESTATES,279337,9311220013079,6,8.55,12.99,Y,
,19,19 CRIMES SAUV BLOCK     750ML,WINE STILL WHITE,TREASURY WINE ESTATES,715676,9311220006125,6,8.55,12.99,Y,
,DE,DE BORTOLI DEEN CHARD    750ML,WINE STILL WHITE,DE BORTOLI WINES PTY LIMI,517332,9300752010267,6,8.35,12.99,Y,
,BANROCK,BANROCK STN CHARDONNAY      1L,WINE STILL WHITE,VINARCHY AUSTRALIA,761185,9311043766466,6,8.02,11.99,Y,
,LA,HOUGHTON SAUV BLANC SEM  750ML,WINE STILL WHITE,VINARCHY AUSTRALIA,551849,9311420031965,6,7.92,11.99,Y,
,LA,NERICON SAUV BLANC       750ML,WINE STILL WHITE,DEE VINE ESTATE,310468,9346647000463,6,7.89,11.99,Y,
,LA,OXFORD LANDING SAUV BLNC 750ML,WINE STILL WHITE,SAMUEL SMITH & SON,532992,9311789392219,6,7.57,11.99,Y,
,LA,OXFORD LANDING CHARD     750ML,WINE STILL WHITE,SAMUEL SMITH & SON,531027,9311789279329,6,7.57,11.99,Y,
,LA,OXFORD LANDING P/GRIGIO  750ML,WINE STILL WHITE,SAMUEL SMITH & SON,508760,9311789002026,6,7.57,11.99,Y,
,LA,RICHLAND SAUV BLANC      750ML,WINE STILL WHITE,CALABRIA FAMILY WINES P/L,770613,9319020000398,12,7.52,11.99,Y,
,BURGE,G/BURGE GB19 SAV BLC     750ML,WINE STILL WHITE,VINARCHY AUSTRALIA,317415,9315705871307,6,7.48,10.99,Y,
,PENFOLDS,PENFOLDS K/HILL CHARD    375ML,WINE STILL WHITE,PENFOLDS WINES INTERNATIO,772924,9310297640072,12,7.44,10.99,,
,YELLOW,YELLOWTAIL LT&BRT CHARD  750ML,WINE STILL WHITE,CASELLA WINES PTY LTD,400705,9322214014934,12,7.35,10.99,Y,
,YELLOW,YELLOWTAIL SEM SAUV BLNC 750ML,WINE STILL WHITE,CASELLA WINES PTY LTD,793823,9322214009626,12,7.35,10.99,Y,
,YELLOW,YELLOWTAIL LGT & BT SAUVB750ML,WINE STILL WHITE,CASELLA WINES PTY LTD,400674,9322214015023,12,7.35,10.99,Y,
,YELLOW,YELLOWTAIL CHARDONNAY    750ML,WINE STILL WHITE,CASELLA WINES PTY LTD,580199,9322214007387,12,7.35,10.99,Y,
,YELLOW,YELLOWTAIL PNT GRIGIO    750ML,WINE STILL WHITE,CASELLA WINES PTY LTD,899213,9322214009961,12,7.35,10.99,Y,
,LA,LORIMER SEM SAUV BLANC   750ML,WINE STILL WHITE,DE BORTOLI WINES PTY LIMI,790045,9300752090160,12,7.22,10.99,,
,HARDYS,HARDYS VR PINOT GRIGIO      1L,WINE STILL WHITE,VINARCHY AUSTRALIA,16836,9311043850578,6,6.91,10.99,Y,
,HARDYS,HARDYS VR CHARDONNAY        1L,WINE STILL WHITE,VINARCHY AUSTRALIA,534871,9311043088810,6,6.91,10.99,Y,
,LA,LITTLE SAMMY SAUV BLANC  750ML,WINE STILL WHITE,MEDITRINA BEVERAGES PL,867452,9313748034024,12,6.83,10.99,,
,LA,ASK THE ELEPHANT S/BLANC 750ML,WINE STILL WHITE,FOURTH WAVE WINE PARTNERS,405687,9344154024095,6,6.73,9.99,Y,
,DE,DE BORTOLI W/MAKER P/GR 750ML,WINE STILL WHITE,DE BORTOLI WINES PTY LIMI,606783,9300752202204,6,6.72,9.99,Y,
,DE,DE BORTOLI W/MAKER CHD   750ML,WINE STILL WHITE,DE BORTOLI WINES PTY LIMI,933567,9300752201511,6,6.72,9.99,Y,
,DE,DE BORTOLI W/MAKER S/BLC 750ML,WINE STILL WHITE,DE BORTOLI WINES PTY LIMI,933559,9300752201535,6,6.72,9.99,Y,
,LA,BLEEDING HEART SAV BLANC 750ML,WINE STILL WHITE,FOURTH WAVE WINE PARTNERS,519261,9344154000440,12,6.44,9.99,Y,
,LA,MCW MARKVIEW SAUV BLANC  750ML,WINE STILL WHITE,CALABRIA FAMILY WINES P/L,577939,9311769175009,12,6.08,8.99,,
,LA,RICHLAND PINOT GRIGIO    750ML,WINE STILL WHITE,CALABRIA FAMILY WINES P/L,509436,9319020001326,6,6.07,8.99,Y,
,LA,LILLET BLANC APERTIF WHT 750ML,WINE SUNDRY,PERNOD RICARD AUST P/L,556608,3057230000253,6,36.45,53.99,,
,LA,CARPANO CLASSICO VERMOUTH750ML,WINE SUNDRY ALL VERMOUTHS,AMBER BEVERAGE AUSTRALIA,276737,8004400008057,6,26.87,39.99,,
,DE,DE BORTOLI SHOW LIQ MUSC 500ML,WINE SUNDRY FORTIFIED,DE BORTOLI WINES PTY LIMI,216936,02169361,6,23.35,34.99,,
,DE,DE BORTOLI MUSCAT APER RG750ML,WINE SUNDRY FORTIFIED,DE BORTOLI WINES PTY LIMI,170486,9300752121314,6,22.55,33.99,,
,LA,MORRIS CLASSIC LIQ MUSCAT500ML,WINE SUNDRY FORTIFIED,OATLEY FINE WINE MERCHANT,796863,9322214005338,6,20.68,30.99,,
,ST,MCW HANWOOD EST 5YO MUSC 750ML,WINE SUNDRY FORTIFIED,CALABRIA FAMILY WINES P/L,570584,9311769472009,6,14.01,20.99,,
,LA,BORONIA MARSALA A/OVA BVS750ML,WINE SUNDRY FORTIFIED,VOK BEVERAGES - WINES,541836,9315212005677,6,7.79,11.99,Y,
,LA,ANTICA FORMULA              1L,WINE VERMOUTH & AROMATISED,AMBER BEVERAGE AUSTRALIA,553773,8004400007203,6,67.23,98.99,,
,BROWN,BROWN BRO P/FRUIT SPRITZ 750ML,SUNDRY WINE ALL SPARKLING,BROWN FAMILY WINE GROUP,770087,9311124000878,6,14.49,21.99,,
,ST,MINKS EST MINCELLO LIMONC750ML,SUNDRY WINE ALL SPARKLING,DIVAS BEVERAGES AUSTRALIA,418567,9360911000683,6,12.16,17.99,,
,PARK,BIRD IN HAND SPARKLING   200ML,SUNDRY WINE ALL SPARKLING,BOTTLE IN HAND,678515,9325512000616,24,6.63,9.99,Y,
,ST,STONEFISH SHIRAZ MR 750ML,SUNDRY WINE ALL STILL,LIGHT FEET WINES PTY LTD,515571,9335564003381,12,18.06,26.99,,
,ANGOVE,ANGOVE ORGANIC PINT GRIG 750ML,SUNDRY WINE ALL STILL,VINTAGE HOUSE WINE & SPIR,759879,9300694000920,6,9.41,13.99,Y,
,BROWN,BROWN BRO MOSC SB&HIB SP 750ML,SUNDRY WINE MOSCATO,BROWN FAMILY WINE GROUP,532751,9311124001622,6,11.69,17.99,Y,
,BROWN,BROWN BRO MOSC PINE SPSH 750ML,SUNDRY WINE MOSCATO,BROWN FAMILY WINE GROUP,532743,9311124001561,6,11.69,17.99,Y,
,TE,WP SOUR PUSS WATERMELON  700ML,WINE BASED LIQUEURS,80PROOF AUSTRALIA PTY LTD,622959,9354411000366,6,21.23,31.99,Y,
,ST,STONES GINGER WINE        1.5L,WINE GINGER,VINTAGE HOUSE WINE & SPIR,540416,9300694281084,6,19.50,28.99,,
,ST,STONES EXH GREEN GINGER  750ML,WINE GINGER,VINTAGE HOUSE WINE & SPIR,502950,9300694285044,6,14.04,20.99,,
,ST,STONES GINGER WNE RESRVE 750ML,WINE GINGER,VINTAGE HOUSE WINE & SPIR,546747,9300694281244,6,12.74,18.99,Y,
,ST,STONES CHOC&OR GING WINE 750ML,WINE GINGER,VINTAGE HOUSE WINE & SPIR,557560,9300694002719,6,12.74,18.99,Y,
,ST,STONES MAC               750ML,WINE GINGER,VINTAGE HOUSE WINE & SPIR,585408,9300694284344,6,12.74,18.99,Y,
,ST,STONES GINGER WINE       750ML,WINE GINGER,VINTAGE HOUSE WINE & SPIR,540296,9300694281046,12,9.03,13.99,Y,
,ST,STONES GINGER JOE        500ML,WINE GINGER,VINTAGE HOUSE WINE & SPIR,579698,9300694286454,12,6.00,8.99,Y,
,ST,ST HUBERTS STAG CHARD KEG  30L,WINE KEGS,TREASURY WINE ESTATES,716910,07169106,1,589.68,864.99,,
,ST,INNOCENT BYSTAND MOSCATO 750ML,WINE MOSCATO,BROWN FAMILY WINE GROUP,570741,9331574001096,6,14.27,20.99,,
,ST,MOONSTRUCK MOSCATO OP    750ML,WINE MOSCATO,BROWN FAMILY WINE GROUP,573838,9311124403501,6,14.04,20.99,,
,BROWN,BROWN BRO MOSCATO ROSE   750ML,WINE MOSCATO,BROWN FAMILY WINE GROUP,570071,0029147139992,6,11.69,17.99,Y,
,BROWN,BROWN BRO MOSCATO SP     750ML,WINE MOSCATO,BROWN FAMILY WINE GROUP,540903,0029147106901,6,11.69,17.99,Y,
,BROWN,BROWN BRO MOSCATO ROSE SP750ML,WINE MOSCATO,BROWN FAMILY WINE GROUP,540908,0029147106918,6,11.69,17.99,Y,
,BROWN,BROWN BRO MOSCATO        750ML,WINE MOSCATO,BROWN FAMILY WINE GROUP,552578,0029147139985,6,11.69,17.99,Y,
,ST,MAXX HARD MOSC STRAWBRRY 750ML,WINE MOSCATO,CALABRIA FAMILY WINES P/L,330573,9311769007348,6,10.64,15.99,Y,
,ST,NUGAN EST 3RD GEN MOSCATO750ML,WINE MOSCATO,NUGAN ESTATE PTY LTD,199922,9329056003799,6,9.36,13.99,,
,JACOBS,JACOBS CK MOSCATO        750ML,WINE MOSCATO,VINARCHY AUSTRALIA,518401,9311043405624,12,7.56,11.99,Y,
,JACOBS,JACOBS CK SPK MOSC ROSE  750ML,WINE MOSCATO,VINARCHY AUSTRALIA,505746,9311043403040,6,7.53,11.99,Y,
,MCGUIGAN,MCGUIGAN BLK LBL MOSCATO 750ML,WINE MOSCATO,AUSTRALIAN VINTAGE-DOMEST,510759,0764253950993,6,6.79,9.99,Y,
,ANGOVE,ANGOVE L/ROW MOSCATO     750ML,WINE MOSCATO,VINTAGE HOUSE WINE & SPIR,563087,9300694380442,12,6.41,9.99,,
,PENFOLDS,PENFOLDS GRANDFATHER 20YO750ML,WINE PORT,PENFOLDS WINES INTERNATIO,507769,9310297000005,6,75.49,110.99,,
,PENFOLDS,PENFOLDS FATHER 10YO     750ML,WINE PORT,PENFOLDS WINES INTERNATIO,137357,00400947,6,30.78,45.99,,
,WOOD,MCW HANWOOD 10YO GR TAWNY750ML,WINE PORT,CALABRIA FAMILY WINES P/L,509127,93214612,6,18.95,27.99,Y,
,PENFOLDS,PENFOLDS CLUB PORT RES   750ML,WINE PORT,PENFOLDS WINES INTERNATIO,505199,9310297000029,6,17.05,25.99,Y,
,BURGE,G/BURGE AGED TAWNY PORT  750ML,WINE PORT,VINARCHY AUSTRALIA,539473,9315705008000,6,15.04,22.99,,
,PENFOLDS,PENFOLDS CLUB PORT       750ML,WINE PORT,PENFOLDS WINES INTERNATIO,509614,9310297000203,6,9.93,14.99,Y,
,ST,HARVEYS BRISTOL CRM SHY  750ML,WINE SHERRY,VANGUARD LUXURY BRANDS,546713,5010277010164,6,42.20,61.99,,
,MCWILLIAMS,MCWILLIAMS RR MD APERA    1.5L,WINE SHERRY,CALABRIA FAMILY WINES P/L,444916,9311769006556,6,11.35,16.99,Y,
,MCWILLIAMS,MCWILLIAMS RR CREAM APERA 1.5L,WINE SHERRY,CALABRIA FAMILY WINES P/L,457511,9311769006594,6,11.35,16.99,Y,
,VEUVE,VEUVE/C VINTAGE G/BOX    750ML,WINE SPARKLING CHAMPAGNE,MOET HENNESSY AUSTRALIA,536954,3049614187360,6,123.11,180.99,,
,BOLLINGER,BOLLINGER SPECIAL CUVEE  750ML,WINE SPARKLING CHAMPAGNE,CALABRIA FAMILY WINES P/L,536904,3052853075909,6,98.99,145.99,Y,
,MOET,MOET ICE IMPERIAL        750ML,WINE SPARKLING CHAMPAGNE,MOET HENNESSY AUSTRALIA,451573,3185370773017,6,86.91,127.99,,
,TAITTINGER,TAITTINGER NV BRUT       750ML,WINE SPARKLING CHAMPAGNE,JOVAL WINE GROUP PTY LTD,786614,3016570001030,6,85.91,126.99,Y,
,PENFOLDS,PENFOLDS CHAMPAGNE ROSE 750ML,WINE SPARKLING CHAMPAGNE,PENFOLDS WINES INTERNATIO,471515,9310297026289,6,79.12,116.99,,
,DUVAL,DUVAL-LEROY BRUT RES  NV 750ML,WINE SPARKLING CHAMPAGNE,VINTAGE HOUSE WINE & SPIR,240914,3259456005801,6,77.84,114.99,,
,PENFOLDS,PENFOLDS CHAMP C/BRUTNVGB750ML,WINE SPARKLING CHAMPAGNE,PENFOLDS WINES INTERNATIO,816605,9310297053421,6,60.93,89.99,,
,PIPER,PIPER-HEIDSIEK NV BRUT   750ML,WINE SPARKLING CHAMPAGNE,ALM IMPORTS.,988347,3018334100003,6,59.73,87.99,,
,PENFOLDS,PENFOLDS CHAMP CUVEE BRUT750ML,WINE SPARKLING CHAMPAGNE,PENFOLDS WINES INTERNATIO,812449,9310297053407,6,56.79,83.99,Y,
,MUMM,MUMM CORD ROUGE NV CHAMP 750ML,WINE SPARKLING CHAMPAGNE,PERNOD RICARD AUST P/L,535704,3043700103814,6,55.46,81.99,Y,
,MUMM,MUMM CORDON ROUGE        375ML,WINE SPARKLING CHAMPAGNE,PERNOD RICARD AUST P/L,814679,3043700103821,12,38.87,57.99,,
,ST,INNOCENT BYSTAND W/MEL   750ML,WINE SPARKLING MIXED PACKS,BROWN FAMILY WINE GROUP,767539,9331574000396,6,13.80,20.99,,
,SEPPELT,SEPPELT SPK SHIRAZ       750ML,WINE SPARKLING RED,TREASURY WINE ESTATES,536378,9310194102987,6,19.88,29.99,,
,BURGE,G/BURGE SPK NV SHIRAZ    750ML,WINE SPARKLING RED,VINARCHY AUSTRALIA,666898,9315705000202,6,16.42,24.99,Y,
,YELLOW,YELLOWGLEN RED           750ML,WINE SPARKLING RED,TREASURY WINE ESTATES,770786,9300770050153,6,7.17,10.99,Y,
,PARK,SEAVIEW SPARKLING SHIRAZ 750ML,WINE SPARKLING RED,TREASURY WINE ESTATES,782296,9300620533843,6,6.94,10.99,Y,
,MCGUIGAN,MCGUIGAN BLK LBL SPK SHZ 750ML,WINE SPARKLING RED,AUSTRALIAN VINTAGE-DOMEST,767686,0764253951112,6,6.79,9.99,Y,
,MUMM,MUMM MARLB ROSE          750ML,WINE SPARKLING ROSE,PERNOD RICARD AUST P/L,981502,9414024000358,6,26.22,38.99,Y,
,BURGE,G/BURGE NV PNC ROSE      750ML,WINE SPARKLING ROSE,VINARCHY AUSTRALIA,287848,9315705852153,6,16.42,24.99,Y,
,BROWN,BROWN BRO ZIBIBBO ROSE   750ML,WINE SPARKLING ROSE,BROWN BROTHERS MILAWA VINEYARD PTY. LIMITED,988119,0029147100916,6,12.90,18.99,,
,GIESEN,GIESEN NV ROSE SPRITZ    750ML,WINE SPARKLING ROSE,OATLEY FINE WINE MERCHANT,373115,9416040003924,6,12.53,18.99,Y,
,BURGE,G/BURGE PROSECCO ROSE NV 750ML,WINE SPARKLING ROSE,VINARCHY AUSTRALIA,444822,9315705876067,6,11.96,17.99,Y,
,JACOBS,JACOBS CK LP SPZ ELD ROSE750ML,WINE SPARKLING ROSE,VINARCHY AUSTRALIA,526352,9311043407338,6,9.69,14.99,Y,
,JACOBS,JACOBS CK SPK ROSE       750ML,WINE SPARKLING ROSE,VINARCHY AUSTRALIA,588414,9311043403262,6,7.53,11.99,Y,
,YELLOW,YELLOWGLEN PINK 65 NV    750ML,WINE SPARKLING ROSE,TREASURY WINE ESTATES,574850,9300770002749,6,7.17,10.99,Y,
,YELLOW,YELLOWGLEN PINK SPK ROSE 750ML,WINE SPARKLING ROSE,TREASURY WINE ESTATES,792225,9300770050726,6,7.17,10.99,Y,
,TE,ARRAS BRUT ELITE 750ML,WINE SPARKLING WHITE,DMG FINE WINE,528760,9311043027697,6,42.23,61.99,Y,
,PARK,PIRIE NV SPARKLING       750ML,WINE SPARKLING WHITE,OATLEY FINE WINE MERCHANT,771114,9334829007003,6,28.95,42.99,,
,PARK,BIRD IN HAND TAS SPARK   750ML,WINE SPARKLING WHITE,BOTTLE IN HAND,315769,9325512001590,6,25.89,37.99,,
,ST,LOST FARM SPK P/NOIR NV  750ML,WINE SPARKLING WHITE,VINTAGE HOUSE WINE & SPIR,873576,9300694001460,6,20.63,30.99,,
,PARK,BIRD IN HAND SPARKLING   750ML,WINE SPARKLING WHITE,BOTTLE IN HAND,559075,9325512000166,6,18.21,26.99,Y,
,BROWN,BROWN BRO PREMIUM CUVEE  750ML,WINE SPARKLING WHITE,BROWN FAMILY WINE GROUP,542565,0029147704923,6,18.12,26.99,,
,MIONETTO,MIONETTO PROSECCO DOC    750ML,WINE SPARKLING WHITE,OATLEY FINE WINE MERCHANT,931780,8006220001669,6,16.64,24.99,,
,BURGE,G/BURGE PINOT CHARD NV   750ML,WINE SPARKLING WHITE,VINARCHY AUSTRALIA,535194,9315705000004,6,16.42,24.99,Y,
,ST,NEPENTHE PREST CUVEE     750ML,WINE SPARKLING WHITE,AUSTRALIAN VINTAGE-DOMEST,437817,0813036003590,6,15.28,22.99,Y,
,BROWN,BROWN BRO PROS P/GFRT SP 750ML,WINE SPARKLING WHITE,BROWN FAMILY WINE GROUP,532612,9311124001127,6,14.49,21.99,,
,BROWN,BROWN BRO PROSECCO YUZU  750ML,WINE SPARKLING WHITE,BROWN FAMILY WINE GROUP,281630,9311124001226,6,14.49,21.99,,
,ST,INNOCENT BYSTAND PROSEC  750ML,WINE SPARKLING WHITE,BROWN FAMILY WINE GROUP,606089,9331574001546,6,14.27,20.99,,
,BROWN,BROWN BRO PROSECCO MID   750ML,WINE SPARKLING WHITE,BROWN FAMILY WINE GROUP,770168,9311124000816,6,14.20,20.99,,
,DE,GRANDIN METHODE BRUT     750ML,WINE SPARKLING WHITE,OATLEY FINE WINE MERCHANT,541399,3277190002900,6,13.45,19.99,,
,WILD,WILDFLOWER PROSECCO 750ML,WINE SPARKLING WHITE,OATLEY FINE WINE MERCHANT,445792,9338053011430,6,13.18,19.99,Y,
,BROWN,BROWN BRO PROSECCO ORANG 750ML,WINE SPARKLING WHITE,BROWN FAMILY WINE GROUP,991992,9311124401842,6,13.07,19.99,,
,BROWN,BROWN BRO PROSECCO NV    750ML,WINE SPARKLING WHITE,BROWN FAMILY WINE GROUP,524376,0029147360952,6,13.07,19.99,,
,BROWN,BROWN BRO PROSECCO ROSE  750ML,WINE SPARKLING WHITE,BROWN BROTHERS MILAWA VINEYARD PTY. LIMITED,65385,9311124400142,6,13.07,19.99,,
,BROWN,BROWN BRO ZIBIBBO        750ML,WINE SPARKLING WHITE,BROWN FAMILY WINE GROUP,551881,0029147705128,6,12.90,18.99,,
,DE,BARON DE ROTHBERG F/SPK/W750ML,WINE SPARKLING WHITE,ALM OWNED AND EXCLUSIVE.,602726,3500610005992,6,12.71,18.99,,
,JACOBS,JACOBS CK RES PROSECCO   750ML,WINE SPARKLING WHITE,VINARCHY AUSTRALIA,264573,9311043403286,6,12.06,17.99,,
,JACOBS,JACOBS CK RES CHARD PNT  750ML,WINE SPARKLING WHITE,VINARCHY AUSTRALIA,857863,9311043400735,6,12.06,17.99,,
,ST,MINKS EST AUTUMN WD BRUTC750ML,WINE SPARKLING WHITE,DIVAS BEVERAGES AUSTRALIA,698413,9359615000228,6,12.03,17.99,,
,ANGOVE,ANGOVE PROSECCO          750ML,WINE SPARKLING WHITE,VINTAGE HOUSE WINE & SPIR,370604,9300694003273,6,12.00,17.99,,
,SEPPELT,SEPPELT DRIVE CHD P/NOIR 750ML,WINE SPARKLING WHITE,TREASURY WINE ESTATES,563516,9310194001594,6,11.96,17.99,,
,BURGE,G/BURGE PROSECCO NV      750ML,WINE SPARKLING WHITE,VINARCHY AUSTRALIA,395748,9315705874865,6,11.96,17.99,Y,
,RANGE,ZINO LIMONCELLO ORANGE   750ML,WINE SPARKLING WHITE,FOURTH WAVE WINE PARTNERS,541014,9344154024859,6,11.81,17.99,,
,BROWN,BROWN BRO MOSCATO LYCHEE 750ML,WINE SPARKLING WHITE,BROWN FAMILY WINE GROUP,296287,9311124001202,6,11.69,17.99,Y,
,RANGE,LEMSECCO SPRITZ BL/ORANGE750ML,WINE SPARKLING WHITE,AUSTRALIAN VINTAGE-DOMEST,484178,9310415019728,6,11.24,16.99,Y,
,SEPPELT,SEPPELT G/E PROSECCO NV  750ML,WINE SPARKLING WHITE,TREASURY WINE ESTATES,596807,9310194002898,6,10.98,16.99,,
,SEPPELT,SEPPELT G/E CHD PNOIR NV 750ML,WINE SPARKLING WHITE,TREASURY WINE ESTATES,940784,9310194002720,6,10.98,16.99,,
,JACOBS,JACOBS CK TRILOGY P/CHRD 750ML,WINE SPARKLING WHITE,VINARCHY AUSTRALIA,544119,9311043404696,6,10.31,15.99,,
,PARK,MULLET HARD SPARKLY      750ML,WINE SPARKLING WHITE,FOURTH WAVE WINE PARTNERS,820421,9344154021889,6,10.07,14.99,Y,
,ANGOVE,ANGOVE ORGANIC CUVEE     750ML,WINE SPARKLING WHITE,VINTAGE HOUSE WINE & SPIR,432309,9300694000296,6,9.41,13.99,Y,
,PARK,OWL & PUSSYCAT SPARK NV  750ML,WINE SPARKLING WHITE,INDEPENDENT LIQUOR RETAIL,396265,9343959005520,12,8.84,12.99,Y,
,BURGE,G/BURGE B/MK BRUT NV     750ML,WINE SPARKLING WHITE,VINARCHY AUSTRALIA,296509,9315705021580,12,8.47,12.99,,
,DE,UPSIDE DOWN CUVEE        750ML,WINE SPARKLING WHITE,TREASURY WINE ESTATES,939602,9415305000333,6,8.20,12.99,Y,
,DE,UPSIDE DOWN PROSECCO     750ML,WINE SPARKLING WHITE,TREASURY WINE ESTATES,311684,9415305002054,6,8.20,12.99,Y,
,ZILZIE,ZILZIE S23 PROSECCO      750ML,WINE SPARKLING WHITE,ZILZIE WINES PTY LTD,714879,9329337001193,12,7.87,11.99,Y,
,BURGE,G/BURGE PINOT CHARD NV   200ML,WINE SPARKLING WHITE,VINARCHY AUSTRALIA,511501,93533652,24,7.78,11.99,,
,JACOBS,JACOBS CK CHARD PINOT    750ML,WINE SPARKLING WHITE,VINARCHY AUSTRALIA,553304,9311043403309,6,7.53,11.99,Y,
,YELLOW,YELLOWGLEN YELLOW LT 65NV750ML,WINE SPARKLING WHITE,TREASURY WINE ESTATES,574842,9300770002725,6,7.17,10.99,Y,
,YELLOW,YELLOWGLEN YELLOW SPK    750ML,WINE SPARKLING WHITE,TREASURY WINE ESTATES,567442,9300770000257,6,7.17,10.99,Y,
,HILL,CHALK HILL BLUE BUBBLES  750ML,WINE SPARKLING WHITE,VINTAGE HOUSE WINE & SPIR,547450,9300694360246,12,6.80,9.99,,
,MCGUIGAN,MCGUIGAN BLK LBL SPK CH/P750ML,WINE SPARKLING WHITE,AUSTRALIAN VINTAGE-DOMEST,767694,0764253951105,6,6.79,9.99,Y,
,ANGOVE,ANGOVE L/ROW SPK B/CUVEE750ML,WINE SPARKLING WHITE,VINTAGE HOUSE WINE & SPIRITS,579575,9300694381340,12,6.41,9.99,,
,PENFOLDS,PENFOLDS GRG SHZ22 3PK GB750ML,WINE STILL RED,PENFOLDS WINES INTERNATIO,524981,9310297074518,3,824.59,1209.99,,
,PENFOLDS,PENFOLDS BIN707 CABS 24  750ML,WINE STILL RED,PENFOLDS WINES INTERNATIO,525762,9310297070275,6,597.43,876.99,,
,PENFOLDS,PENFOLDS BIN707 CABS24 GB750ML,WINE STILL RED,PENFOLDS WINES INTERNATIONAL LIMITED,525092,9310297070671,6,597.43,876.99,,
,PENFOLDS,PENFOLDS RWT SHZ 24      750ML,WINE STILL RED,PENFOLDS WINES INTERNATIO,524871,9310297062669,6,164.93,241.99,,
,PENFOLDS,PENFOLDS BIN407 CABS 24  750ML,WINE STILL RED,PENFOLDS WINES INTERNATIO,525157,9310297063284,6,104.55,153.99,,
,PENFOLDS,PENFOLDS BIN 389 24 CRK  750ML,WINE STILL RED,PENFOLDS WINES INTERNATIO,525160,9310297051922,6,88.13,129.99,Y,
,TE,PETER LEHMANN S/WELL SHZ 750ML,WINE STILL RED,OATLEY FINE WINE MERCHANT,535411,9311910102090,6,79.83,117.99,,
,PENFOLDS,PENFOLDS BIN 150 SHZ 20  750ML,WINE STILL RED,PENFOLDS WINES INTERNATIONAL LIMITED,671063,9310297025138,6,78.86,115.99,,
,PENFOLDS,PENFOLDS BIN 150 SHZ 24  750ML,WINE STILL RED,PENFOLDS WINES INTERNATIONAL LIMITED,525932,9310297051960,6,78.86,115.99,,
,PENFOLDS,PENFOLDS FWT 23 GB       750ML,WINE STILL RED,PENFOLDS WINES INTERNATIO,524868,9310297079346,6,76.19,111.99,,
,PENFOLDS,PENFOLDS BIN 600 CSS 23  750ML,WINE STILL RED,PENFOLDS WINES INTERNATIONAL LIMITED,525937,9310297053964,6,68.03,99.99,,
,BROWN,BROWN BRO DRY RED CASK     10L,WINE STILL RED,BROWN FAMILY WINE GROUP,593134,9311124000007,1,59.75,87.99,,
,PENFOLDS,PENFOLDS BIN128 SHZ 22   750ML,WINE STILL RED,PENFOLDS WINES INTERNATIONAL LIMITED,741818,9310297042388,6,56.07,82.99,Y,
,PENFOLDS,PENFOLDS BIN 128 SHZ 24  750ML,WINE STILL RED,PENFOLDS WINES INTERNATIO,525770,9310297061242,6,56.07,82.99,Y,
,YALUMBA,YALUMBA SIGNATURE CAB SHZ750ML,WINE STILL RED,SAMUEL SMITH & SON,543008,9311789000855,6,52.57,77.99,,
,PENFOLDS,PENFOLDS BIN 138 GSM 24 750ML,WINE STILL RED,PENFOLDS WINES INTERNATIO,524601,9310297056002,6,45.84,67.99,,
,PENFOLDS,PENFOLDS B21 GRENACHE 22 750ML,WINE STILL RED,PENFOLDS WINES INTERNATIONAL LIMITED,333270,9310297045471,6,45.84,67.99,,
,PENFOLDS,PENFOLDS BIN 21 GREN 25  750ML,WINE STILL RED,PENFOLDS WINES INTERNATIO,525097,9310297079605,6,45.84,67.99,,
,ANGOVE,ANGOVE THE MEDHYK        750ML,WINE STILL RED,VINTAGE HOUSE WINE & SPIR,688620,9300694352449,6,42.65,62.99,,
,PENFOLDS,PENFOLDS BIN 23 PINN 25  750ML,WINE STILL RED,PENFOLDS WINES INTERNATIO,525123,9310297072309,6,41.81,61.99,,
,BURGE,G/BURGE HOLY TRINITY GSM 750ML,WINE STILL RED,VINARCHY AUSTRALIA,517772,9315705018726,6,38.99,57.99,,
,BURGE,G/BURGE FILSELL SHIRAZ   750ML,WINE STILL RED,VINARCHY AUSTRALIA,524509,9315705018702,6,38.99,57.99,,
,TAYLORS,TAYLORS M/S CAB SAUV 22  750ML,WINE STILL RED,TAYLORS WINES PTY LTD,528095,9311659003092,6,38.44,56.99,,
,PENFOLDS,PENFOLDS B2 SHIRAZ MOURV 750ML,WINE STILL RED,PENFOLDS WINES INTERNATIO,579504,9310297042906,6,38.03,55.99,,
,TAYLORS,TAYLORS M/S CAB SHIRAZ22 750ML,WINE STILL RED,TAYLORS WINES PTY LTD,266114,9311659003184,6,37.02,54.99,Y,
,TAYLORS,TAYLORS M/S SHIRAZ 22    750ML,WINE STILL RED,TAYLORS WINES PTY LTD,381037,9311659003108,6,37.02,54.99,Y,
,TE,PETER LEHMANN 8SONGS SHZ 750ML,WINE STILL RED,OATLEY FINE WINE MERCHANT,522395,9311910102076,6,36.25,53.99,,
,TE,PETER LEHMANN MENTOR     750ML,WINE STILL RED,OATLEY FINE WINE MERCHANT,552536,9311910102113,6,36.25,53.99,,
,PENFOLDS,PENFOLDS BIN 28 SHZ 24   750ML,WINE STILL RED,PENFOLDS WINES INTERNATIO,525136,9310297065301,6,36.10,52.99,Y,
,KATNOOK,KATNOOK CAB SAUVIGNON    750ML,WINE STILL RED,VINARCHY AUSTRALIA,520610,9311043884085,6,33.47,49.99,,
,PENFOLDS,PENFOLDS B8 SHZ CA      750ML,WINE STILL RED,PENFOLDS WINES INTERNATIO,898958,9310297651481,6,32.08,47.99,Y,
,ST,LOST FARM TAS PINOT NOIR 750ML,WINE STILL RED,VINTAGE HOUSE WINE & SPIR,873762,9300694001309,6,31.30,45.99,,
,ST,STONIER PINOT NOIR       750ML,WINE STILL RED,JOVAL WINE GROUP PTY LTD,790435,9329454000000,6,29.69,43.99,Y,
,ST,ST HALLETT B/CART SHIRAZ 750ML,WINE STILL RED,VINARCHY AUSTRALIA,81242,9316920415468,6,29.47,43.99,,
,ST,AUSTINS SHIRAZ           750ML,WINE STILL RED,VINTAGE HOUSE WINE & SPIR,896671,9334520000570,6,28.12,41.99,,
,ST,AUSTINS PINOT NOIR       750ML,WINE STILL RED,VINTAGE HOUSE WINE & SPIR,896736,9334520000600,6,28.12,41.99,,
,HENSCHKE,HENSCHKE HENRYS 7 SGM    750ML,WINE STILL RED,JOVAL WINE GROUP PTY LTD,561496,9320909001702,6,27.83,40.99,Y,
,TE,TERRAZAS RES MALBEC      750ML,WINE STILL RED,MOET HENNESSY AUSTRALIA,503728,7790975001487,6,27.22,39.99,,
,ST,ST HUBERTS CAB SAUVIGNON 750ML,WINE STILL RED,TREASURY WINE ESTATES,517691,9313666163233,6,27.04,39.99,,
,ST,BERESFORD EST CAB SAUV   750ML,WINE STILL RED,VOK BEVERAGES - WINES,443172,9315212006247,6,26.78,39.99,,
,ST,BERESFORD EST SHIRAZ     750ML,WINE STILL RED,VOK BEVERAGES - WINES,443164,9315212006261,6,26.78,39.99,,
,PEPPERJACK,PEPPERJACK GRD LC SHIRAZ 750ML,WINE STILL RED,TREASURY WINE ESTATES,256960,9300770003395,6,24.85,36.99,Y,
,PEPPERJACK,PEPPERJACK GRD MCV SHIRAZ750ML,WINE STILL RED,TREASURY WINE ESTATES,256986,9300770003418,6,24.85,36.99,Y,
,PIPER,PIPERS TAS PINOT NOIR    750ML,WINE STILL RED,PURE WINE COMPANY PTY LTD,743881,9315314991168,6,21.98,32.99,,
,DE,DEVILISH PINOT NOIR      750ML,WINE STILL RED,TREASURY WINE ESTATES,592196,9310297036905,6,21.57,31.99,,
,TAYLORS,TAYLORS JARAMAN PNT NOIR 750ML,WINE STILL RED,TAYLORS WINES PTY LTD,509693,9311659001630,6,20.84,30.99,Y,
,TAYLORS,TAYLORS JARAMAN GRENACHE 750ML,WINE STILL RED,TAYLORS WINES PTY LTD,777961,9311659001975,6,20.84,30.99,Y,
,TAYLORS,TAYLORS JARAMAN CAB SAUV 750ML,WINE STILL RED,TAYLORS WINES PTY LTD,805573,9311659000770,6,20.84,30.99,Y,
,TAYLORS,TAYLORS JARAMAN SHIRAZ   750ML,WINE STILL RED,TAYLORS WINES PTY LTD,805599,9311659000787,6,20.84,30.99,Y,
,PENFOLDS,PENFOLDS MAX SHIRAZ      750ML,WINE STILL RED,PENFOLDS WINES INTERNATIO,731821,9310297008261,6,20.10,29.99,Y,
,PENFOLDS,PENFOLDS MAX CAB SAUV    750ML,WINE STILL RED,PENFOLDS WINES INTERNATIO,608976,9310297009510,6,20.10,29.99,Y,
,PENFOLDS,PENFOLDS MAX SHIRAZ CAB  750ML,WINE STILL RED,PENFOLDS WINES INTERNATIO,452684,9310297008285,6,20.10,29.99,Y,
,PENFOLDS,PENFOLDS MAX PINOT NOIR  750ML,WINE STILL RED,PENFOLDS WINES INTERNATIO,725126,9310297017140,6,20.10,29.99,Y,
,TAYLORS,TAYLORS HTGE CAB SAUV OP 750ML,WINE STILL RED,TAYLORS WINES PTY LTD,538228,9311659009995,6,19.32,28.99,,
,TAYLORS,TAYLORS HTGE SHIRAZ OP   750ML,WINE STILL RED,TAYLORS WINES PTY LTD,650339,9311659009919,6,19.32,28.99,,
,SHAW,PHILIP SHAW CONDUCTR MRL 750ML,WINE STILL RED,OATLEY FINE WINE MERCHANT,520437,9336520000109,12,18.99,27.99,,
,SHAW,PHILIP SHAW IDIOT SHIRAZ 750ML,WINE STILL RED,OATLEY FINE WINE MERCHANT,520445,9336520000130,6,18.96,27.99,Y,
,SHAW,PHILIP SHAW WIREWLK P/NR 750ML,WINE STILL RED,OATLEY FINE WINE MERCHANT,520453,9336520000147,6,18.96,27.99,Y,
,ST,NUGAN EST K/VLY SANGVESE 750ML,WINE STILL RED,NUGAN ESTATE PTY LTD,825476,9329056002303,6,18.73,27.99,,
,ST,NUGAN EST C/WA CAB SAUV  750ML,WINE STILL RED,NUGAN ESTATE PTY LTD,580694,9329056000804,6,18.73,27.99,,
,PETALUMA,PETALUMA WL SHIRAZ       750ML,WINE STILL RED,VINARCHY AUSTRALIA,581467,9338979000570,6,18.67,27.99,Y,
,PETALUMA,PETALUMA WL PINOT NOIR   750ML,WINE STILL RED,VINARCHY AUSTRALIA,591996,9338979020653,6,18.67,27.99,Y,
,PETALUMA,PETALUMA WL CAB SAUV     750ML,WINE STILL RED,VINARCHY AUSTRALIA,571527,9338979000532,6,18.67,27.99,Y,
,WILD,WILD FOLK PF PINOT NOIRL 750ML,WINE STILL RED,FOURTH WAVE WINE PARTNERS,330900,9344154017035,6,18.52,27.99,,
,WILD,WILD FOLK PF SHIRAZ      750ML,WINE STILL RED,FOURTH WAVE WINE PARTNERS,330895,9344154017059,6,18.52,27.99,,
,ST,NUGAN EST MANUKA DURIF   750ML,WINE STILL RED,NUGAN ESTATE PTY LTD,579758,9329056000811,12,18.41,26.99,,
,PENFOLDS,PENFOLDS KH S/CB RES 76  750ML,WINE STILL RED,PENFOLDS WINES INTERNATIO,977184,9310297655496,6,18.14,26.99,,
,ST,NUGAN EST MCLV SHIRAZ    750ML,WINE STILL RED,NUGAN ESTATE PTY LTD,540181,9329056000187,6,18.14,26.99,Y,
,ST,STONEFISH CAB SAUV MR 750ML,WINE STILL RED,LIGHT FEET WINES PTY LTD,516218,9335564003374,12,18.06,26.99,,
,ST,ST HALLETT BLKHEAD  SHZ  750ML,WINE STILL RED,VINARCHY AUSTRALIA,940886,9316920840710,6,17.70,25.99,,
,WIRRA,WIRRA WIRRA C/BLOCK GRSHZ750ML,WINE STILL RED,SAMUEL SMITH & SON,235566,9315125902179,6,17.54,25.99,,
,WIRRA,WIRRA WIRRA C/BLOCK SHZ  750ML,WINE STILL RED,SAMUEL SMITH & SON,235511,9315125902186,6,17.54,25.99,,
,WIRRA,WIRRA WIRRA C/BLOCK CAB  750ML,WINE STILL RED,SAMUEL SMITH & SON,523139,9315125090982,6,17.54,25.99,,
,ST,FICKLE MISTRESS P/NOIR   750ML,WINE STILL RED,TREASURY WINE ESTATES,554965,9415305535545,6,17.45,25.99,,
,TE,PETER LEHM H&V SHIRAZ    750ML,WINE STILL RED,OATLEY FINE WINE MERCHANT,565500,9311910104124,6,17.34,25.99,,
,DE,TAYLOR MADE PINOT NOIR   750ML,WINE STILL RED,TAYLORS WINES PTY LTD,631097,9311659001791,6,17.18,25.99,,
,DE,TAYLOR MADE BDX          750ML,WINE STILL RED,TAYLORS WINES PTY LTD,631076,9311659001807,6,17.18,25.99,,
,DE,TAYLOR MADE SHIRAZ       750ML,WINE STILL RED,TAYLORS WINES PTY LTD,635096,9311659001814,6,17.18,25.99,,
,DE,TAYLOR MADE MALBEC       750ML,WINE STILL RED,TAYLORS WINES PTY LTD,768860,9311659001562,6,17.18,25.99,,
,ST,ST HUBERTS STAG P/NOIR YV750ML,WINE STILL RED,TREASURY WINE ESTATES,751295,9313666000057,6,16.98,24.99,,
,YALUMBA,YALUMBA SANCTUM CAB SAUV 750ML,WINE STILL RED,SAMUEL SMITH & SON,966117,9311789006895,6,16.85,24.99,,
,TAHBILK,TAHBILK SHIRAZ           750ML,WINE STILL RED,CALABRIA FAMILY WINES P/L,519229,9312163300080,6,16.83,24.99,,
,PEPPERJACK,PEPPERJACK BAROSSA RED   750ML,WINE STILL RED,TREASURY WINE ESTATES,224905,9300770004361,6,16.76,24.99,Y,
,PEPPERJACK,PEPPERJACK BAROSSA C/SAV 750ML,WINE STILL RED,TREASURY WINE ESTATES,794219,9300770003296,6,16.76,24.99,Y,
,PEPPERJACK,PEPPERJACK PINOT NOIR    750ML,WINE STILL RED,TREASURY WINE ESTATES,273360,9300770006228,6,16.76,24.99,Y,
,PEPPERJACK,PEPPERJACK GRENACHE 750ML,WINE STILL RED,TREASURY WINE ESTATES,275189,9300770004835,6,16.76,24.99,Y,
,PEPPERJACK,PEPPERJACK MALBEC        750ML,WINE STILL RED,TREASURY WINE ESTATES,874823,9300770005061,6,16.76,24.99,Y,
,PEPPERJACK,PEPPERJACK SHIRAZ        750ML,WINE STILL RED,TREASURY WINE ESTATES,797013,9300770003272,6,16.76,24.99,Y,
,KATNOOK,KATNOOK FOUND BLK CAB/SV 750ML,WINE STILL RED,VINARCHY AUSTRALIA,856469,9311043872983,6,16.21,23.99,,
,TE,PETER LEHM BOND CAB SAUV 750ML,WINE STILL RED,CASELLA WINES PTY. LIMITED,653316,9311910106364,6,16.11,23.99,,
,TE,PETER LEHM BOND SHIRAZ   750ML,WINE STILL RED,OATLEY FINE WINE MERCHANT,463164,9311910106005,6,16.11,23.99,,
,WYNNS,WYNNS GABLES CAB SAUV    750ML,WINE STILL RED,TREASURY WINE ESTATES,417375,9300620001847,6,16.08,23.99,,
,AUDREY,AUDREY WILK MERLOT       750ML,WINE STILL RED,JOVAL WINE GROUP PTY LTD,743577,9330726000703,6,15.94,23.99,Y,
,AUDREY,AUDREY WILK SHIRAZ       750ML,WINE STILL RED,JOVAL WINE GROUP PTY LTD,590225,9330726000673,6,15.94,23.99,Y,
,YALUMBA,YALUMBA SC BUSH GRENACHE 750ML,WINE STILL RED,SAMUEL SMITH & SON,583605,9311789006383,6,15.67,22.99,Y,
,YALUMBA,YALUMBA SC BAR CAB SHZ   750ML,WINE STILL RED,SAMUEL SMITH & SON,585356,9311789006376,6,15.67,22.99,Y,
,YALUMBA,YALUMBA SC BAROSSA SHIRAZ750ML,WINE STILL RED,SAMUEL SMITH & SON,585819,9311789006352,6,15.67,22.99,Y,
,BURGE,G/BURGE CV CAB SAUV      750ML,WINE STILL RED,VINARCHY AUSTRALIA,527785,9315705002800,6,15.59,22.99,Y,
,BURGE,G/BURGE MIAMBA SHIRAZ    750ML,WINE STILL RED,VINARCHY AUSTRALIA,521967,9315705003005,6,15.59,22.99,Y,
,TE,TAR & ROSES H/COTE SHIRZ 750ML,WINE STILL RED,JOVAL WINE GROUP PTY LTD,527007,9316128000824,6,15.57,22.99,Y,
,BERTON,BERTON WINEMAKRS SHIRAZ  750ML,WINE STILL RED,BERTON VINEYARDS P/L,361126,9335966003545,6,15.53,22.99,,
,ANGOVE,ANGOVE LITTLE BR P/NOIR  750ML,WINE STILL RED,VINTAGE HOUSE WINE & SPIR,306354,9300694003198,6,15.41,22.99,,
,ARENBERG,D'ARENBERG FOOTBOLT SHZ  750ML,WINE STILL RED,YOUNG & RASHLEIGH WINE ME,542743,9311832347005,12,15.41,22.99,Y,
,WILD,WILD OLIVE ORG SHIRAZ    750ML,WINE STILL RED,VINTAGE HOUSE WINE & SPIR,79805,9300694359349,6,15.22,22.99,Y,
,OATLEY,ROB OATLEY SIGN GSM      750ML,WINE STILL RED,OATLEY FINE WINE MERCHANT,142124,9338053004920,6,15.22,22.99,Y,
,OATLEY,ROB OATLEY SIGN YV P/NR  750ML,WINE STILL RED,OATLEY FINE WINE MERCHANT,576234,9338053003824,6,15.22,22.99,Y,
,OATLEY,ROB OATLEY SIGN GRENACHE 750ML,WINE STILL RED,OATLEY FINE WINE MERCHANT,467508,9338053008270,6,15.22,22.99,Y,
,OATLEY,ROB OATLEY SIGN MV SHZ   750ML,WINE STILL RED,OATLEY FINE WINE MERCHANT,553676,9338053002063,6,15.22,22.99,Y,
,OATLEY,ROB OATLEY SIGN CAB SAUV 750ML,WINE STILL RED,OATLEY FINE WINE MERCHANT,553692,9338053002216,6,15.22,22.99,Y,
,TE,LES CORTILLES COTE RHONE 750ML,WINE STILL RED,FOURTH WAVE WINE PARTNERS,535128,3525490096311,12,15.06,22.99,Y,
,TE,RUNNING WITH BULLS TEMP  750ML,WINE STILL RED,SAMUEL SMITH & SON,512654,9311789002330,6,14.97,21.99,,
,MONDAVI,R/MONDAVI CALI CAB SAUV  750ML,WINE STILL RED,CONSTELLATION BRANDS NZ,14240,9421033032669,6,14.91,21.99,Y,
,MONDAVI,R/MONDAVI CALI P/NOIR    750ML,WINE STILL RED,CONSTELLATION BRANDS NZ,438928,9421033032737,6,14.91,21.99,Y,
,YERING,LITTLE YERING SHIRAZ     750ML,WINE STILL RED,OATLEY FINE WINE MERCHANT,353767,9316562000855,6,14.42,21.99,Y,
,YERING,LITTLE YERING PINOT NOIR 750ML,WINE STILL RED,OATLEY FINE WINE MERCHANT,180520,9316562000794,6,14.42,21.99,Y,
,BERTON,BERTON RESERVE SHIRAZ    750ML,WINE STILL RED,BERTON VINEYARDS P/L,566360,9335966000216,6,14.41,21.99,Y,
,BERTON,BERTON RESERVE CAB SAUV  750ML,WINE STILL RED,BERTON VINEYARDS P/L,566271,9335966000193,6,14.41,21.99,Y,
,ST,ST HUBERTS STAG SHIRAZ   750ML,WINE STILL RED,TREASURY WINE ESTATES,641607,9313666000255,6,14.40,21.99,,
,ST,ST HUBERTS STAG PNOIR VIC750ML,WINE STILL RED,TREASURY WINE ESTATES,956471,9313666000378,6,14.40,21.99,,
,TE,TEMPLE BRUER P/F SHIRAZ  750ML,WINE STILL RED,VINTAGE HOUSE WINE & SPIR,525364,9313531000854,12,14.27,20.99,Y,
,TE,TEMPLE BRUER P/F CAB MER 750ML,WINE STILL RED,VINTAGE HOUSE WINE & SPIR,995899,9313531000779,12,14.27,20.99,Y,
,TE,TEMPLE BRUER P/F PINOT   750ML,WINE STILL RED,VINTAGE HOUSE WINE & SPIR,569203,9313531000915,12,14.27,20.99,Y,
,TE,TEMPLE BRUER P/F SHZ MALB750ML,WINE STILL RED,VINTAGE HOUSE WINE & SPIR,549795,9313531000755,12,14.27,20.99,Y,
,TE,NEPENTHE ALT TEMPRANILLO 750ML,WINE STILL RED,AUSTRALIAN VINTAGE-DOMEST,561653,0813036003316,6,14.19,20.99,Y,
,ST,STICKS PINOT NOIR        750ML,WINE STILL RED,JOVAL WINE GROUP PTY LTD,767034,9316128001722,6,14.16,20.99,Y,
,TE,KINGS OF PROHIBIT TEMPRNL750ML,WINE STILL RED,CALABRIA FAMILY WINES P/L,695114,9319020009643,6,14.05,20.99,,
,ST,MOONSTRUCK SHIRAZ OP     750ML,WINE STILL RED,BROWN FAMILY WINE GROUP,301906,9311124501122,6,14.04,20.99,,
,BERTON,BERTON ALFRESCO BARBERA  750ML,WINE STILL RED,BERTON VINEYARDS P/L,250171,9335966005884,6,14.01,20.99,,
,HILL,RED HILL CAB SAUV        750ML,WINE STILL RED,RED HILL WINE PTY LTD,505403,9329694029069,6,13.99,20.99,Y,
,HILL,RED HILL PINOT NOIR      750ML,WINE STILL RED,RED HILL WINE PTY LTD,504525,9325823001012,6,13.99,20.99,Y,
,XANADU,XANADU CIRCA 77 CAB SAUV 750ML,WINE STILL RED,OATLEY FINE WINE MERCHANT,537366,9336957002639,6,13.97,20.99,Y,
,TE,BELENA MONTEPULCIANO     750ML,WINE STILL RED,CALABRIA FAMILY WINES P/L,20571,9319020010885,6,13.97,20.99,Y,
,WOOD,BRIDGEWOOD MV SHIRAZ     750ML,WINE STILL RED,VINTAGE HOUSE WINE & SPIR,215281,9300694002542,12,13.95,20.99,,
,TE,LITTLE GIANT TEMPRANILLO 750ML,WINE STILL RED,FOURTH WAVE WINE PARTNERS,578655,9344154017622,6,13.75,20.99,Y,
,ST,ARA SINGLE EST PNT NOIR  750ML,WINE STILL RED,OATLEY FINE WINE MERCHANT,542138,9421900742103,6,13.73,20.99,Y,
,JACOBS,JACOBS CK DBL BAR SHZ CAB750ML,WINE STILL RED,VINARCHY AUSTRALIA,385418,9311043406676,6,13.66,20.99,Y,
,JACOBS,JACOBS CK DBL BAR SHIRAZ 750ML,WINE STILL RED,VINARCHY AUSTRALIA,142271,9311043403149,6,13.66,20.99,Y,
,JACOBS,JACOBS CK DBL BAR C/SAUV 750ML,WINE STILL RED,VINARCHY AUSTRALIA,142263,9311043404757,6,13.66,20.99,Y,
,TE,PETER LEHM PORT SHIRAZ   750ML,WINE STILL RED,OATLEY FINE WINE MERCHANT,522125,9311910102212,6,13.64,20.99,,
,TE,PETER LEHM PORT CAB SAUV 750ML,WINE STILL RED,OATLEY FINE WINE MERCHANT,522109,9311910101222,6,13.64,20.99,,
,ST,INNOCENT BYSTAND SYRAH   750ML,WINE STILL RED,BROWN FAMILY WINE GROUP,526035,9331574000990,6,13.25,19.99,Y,
,ST,INNOCENT BYSTAND P/NOIR  750ML,WINE STILL RED,BROWN FAMILY WINE GROUP,778726,9331574000679,6,13.25,19.99,Y,
,ST,INNOCENT BYSTAND EA SHZ  750ML,WINE STILL RED,BROWN FAMILY WINE GROUP,203991,9331574000792,6,13.25,19.99,Y,
,WILD,WILDFLOWER SHIRAZ        750ML,WINE STILL RED,OATLEY FINE WINE MERCHANT,872229,9338053009604,6,13.18,19.99,Y,
,WILD,WILDFLOWER CAB SAUV      750ML,WINE STILL RED,OATLEY FINE WINE MERCHANT,872180,9338053009581,6,13.18,19.99,Y,
,TE,RE WRITE TEMPRANILLO     750ML,WINE STILL RED,DE BORTOLI WINES PTY LIMI,500461,9300752051031,6,13.09,19.99,,
,TE,RE WRITE GSM            750ML,WINE STILL RED,DE BORTOLI WINES PTY LIMI,205833,9300752051321,6,13.09,19.99,,
,TE,WHITE CLOUD MBGH P/NOIR CASK2L,WINE STILL RED,MEDITRINA BEVERAGES PL,213925,9313748034413,6,12.83,18.99,,
,GIESEN,GIESEN MERLOT            750ML,WINE STILL RED,OATLEY FINE WINE MERCHANT,543100,9416040100258,6,12.53,18.99,Y,
,ST,FAT BASTARD MALBEC 6S    750ML,WINE STILL RED,JOVAL WINE GROUP PTY LTD,241245,9316128001654,6,12.31,18.99,Y,
,ST,FAT BASTARD P/NOIR 6S    750ML,WINE STILL RED,JOVAL WINE GROUP PTY LTD,241253,9316128001524,6,12.31,18.99,Y,
,ST,FAT BASTARD SHIRAZ 6S    750ML,WINE STILL RED,JOVAL WINE GROUP PTY LTD,241237,9316128002231,6,12.31,18.99,Y,
,ST,ST HALLETT G/KEEP SHIRAZ 750ML,WINE STILL RED,VINARCHY AUSTRALIA,511844,9316920400976,6,12.21,17.99,,
,DE,QUILTY & GRANSDEN SHIRAZ 750ML,WINE STILL RED,OATLEY FINE WINE MERCHANT,148609,9354568000240,6,12.16,17.99,,
,DE,QUILTY & GRANSDEN P/NOIR 750ML,WINE STILL RED,OATLEY FINE WINE MERCHANT,753174,9338053013090,6,12.16,17.99,,
,DE,QUILTY & GRANSDEN MERLT 750ML,WINE STILL RED,OATLEY FINE WINE MERCHANT,207047,9354568000332,6,12.16,17.99,,
,DE,QUILTY & GRANSDEN CAB MER750ML,WINE STILL RED,OATLEY FINE WINE MERCHANT,210891,9354568000257,6,12.16,17.99,,
,ST,MINKS EST AUTUMN WD SHIRZ750ML,WINE STILL RED,DIVAS BEVERAGES AUSTRALIA,756407,9359615000259,6,12.03,17.99,,
,ST,MINKS EST AUTUMN WD C/SAV750ML,WINE STILL RED,DIVAS BEVERAGES AUSTRALIA,698468,9359615000143,6,12.03,17.99,,
,ST,MINKS EST AUTUMN WD DURIF750ML,WINE STILL RED,DIVAS BEVERAGES AUSTRALIA,698565,9359615000266,6,12.03,17.99,,
,SEPPELT,SEPPELT DRIVES OP SHIRAZ 750ML,WINE STILL RED,TREASURY WINE ESTATES,552455,9310194001365,6,11.96,17.99,,
,ZILZIE,ZILZIE R/COLL PINOT NOIR 750ML,WINE STILL RED,ZILZIE WINES PTY LTD,667514,9329337002510,6,11.91,17.99,Y,
,ZILZIE,ZILZIE R/COLL CAB SAV    750ML,WINE STILL RED,ZILZIE WINES PTY LTD,511315,9329337002312,6,11.91,17.99,Y,
,ZILZIE,ZILZIE R/COLL SHIRAZ     750ML,WINE STILL RED,ZILZIE WINES PTY LTD,511307,9329337002336,6,11.91,17.99,Y,
,WYNNS,WYNNS SIDING CAB SAV     750ML,WINE STILL RED,TREASURY WINE ESTATES,530212,9300620000642,6,11.80,17.99,Y,
,WYNNS,WYNNS SIDING CAB SHZ MRML750ML,WINE STILL RED,TREASURY WINE ESTATES,520351,9300620006286,6,11.80,17.99,Y,
,WYNNS,WYNNS SIDING SHIRAZ      750ML,WINE STILL RED,TREASURY WINE ESTATES,520327,9300620006309,6,11.80,17.99,Y,
,PEPPERJACK,PEPPERJACK SHIRAZ        375ML,WINE STILL RED,TREASURY WINE ESTATES AUSTRALIA LIMITED,52780,9300770005276,12,11.75,17.99,,
,BROWN,BROWN BRO CIENNA CHOC    750ML,WINE STILL RED,BROWN FAMILY WINE GROUP,524850,9311124001806,6,11.69,17.99,Y,
,BROWN,BROWN BRO CIENNA         750ML,WINE STILL RED,BROWN FAMILY WINE GROUP,753695,0029147100244,6,11.69,17.99,Y,
,BROWN,BROWN BRO DOLCETTO SYRAH 750ML,WINE STILL RED,BROWN FAMILY WINE GROUP,518100,0029147320963,6,11.69,17.99,Y,
,TAYLORS,TAYLORS JARAMAN CAB SAUV 375ML,WINE STILL RED,TAYLORS WINES PTY LTD,572756,9311659002255,12,11.61,17.99,Y,
,TAYLORS,TAYLORS JARAMAN SHIRAZ   375ML,WINE STILL RED,TAYLORS WINES PTY LTD,598223,9311659002262,12,11.61,17.99,Y,
,ST,GOUNDREY HMSTD CAB MERL  750ML,WINE STILL RED,VINARCHY AUSTRALIA,535869,9316369003097,6,11.59,17.99,,
,CRAWFORD,K/CRAWFORD ROSE          750ML,WINE STILL RED,CONSTELLATION BRANDS NZ,629142,9419227009153,6,11.33,16.99,Y,
,TE,MCWILLIAM'S TERRA SHIRAZ 750ML,WINE STILL RED,CALABRIA FAMILY WINES P/L,429495,9311769007140,6,10.76,15.99,,
,ST,ST HALLETT FAITH CAB SAUV750ML,WINE STILL RED,VINARCHY AUSTRALIA,660151,9316920011134,6,10.75,15.99,Y,
,ST,ST HALLETT FAITH SHIRAZ  750ML,WINE STILL RED,VINARCHY AUSTRALIA,521399,9316920000084,6,10.75,15.99,Y,
,TE,ELEPHANT IN ROOM TEMPRN  750ML,WINE STILL RED,FOURTH WAVE WINE PARTNERS,872509,9344154014713,6,10.66,15.99,,
,ST,ST AMAND C/WA CAB SAUV   750ML,WINE STILL RED,INDEPENDENT LIQUOR RETAIL,416832,9343959001607,12,10.49,15.99,Y,
,ST,ST AMAND BAROSSA SHIRAZ  750ML,WINE STILL RED,INDEPENDENT LIQUOR RETAIL,414330,0799439457584,12,10.49,15.99,Y,
,BURGE,G/BURGE 5TH GEN CAB MERL 750ML,WINE STILL RED,VINARCHY AUSTRALIA,559517,9315705007898,6,10.35,15.99,Y,
,BURGE,G/BURGE 5TH GEN MERLOT   750ML,WINE STILL RED,VINARCHY AUSTRALIA,573650,9315705008055,6,10.35,15.99,Y,
,BURGE,G/BURGE 5TH GEN SHIRAZ   750ML,WINE STILL RED,VINARCHY AUSTRALIA,559509,9315705007928,6,10.35,15.99,Y,
,DE,THE LIONS PRIDE S/CAB    750ML,WINE STILL RED,LEOGATE ESTATE WINES PTY. LIMITED,389917,9351518000961,6,10.04,14.99,Y,
,DE,THE LIONS PRIDE MERLOT   750ML,WINE STILL RED,LEOGATE ESTATE WINES PTY.,415629,9351518000947,6,10.04,14.99,Y,
,DE,THE LIONS  PRIDE SHIRAZ  750ML,WINE STILL RED,LEOGATE ESTATE WINES PTY.,389938,9351518000923,6,10.04,14.99,Y,
,DE,THE LIONS PRIDE CAB SAUV 750ML,WINE STILL RED,LEOGATE ESTATE WINES PTY.,389857,9351518000930,6,10.04,14.99,Y,
,DE,THE LIONS PRIDE CAB MER  750ML,WINE STILL RED,LEOGATE ESTATE WINES PTY.,415598,9351518000954,6,10.04,14.99,Y,
,JACOBS,JACOBS CK RES PINOT NOIR 750ML,WINE STILL RED,VINARCHY AUSTRALIA,868393,9311043400889,6,9.90,14.99,Y,
,JACOBS,JACOBS CK RES SHIRAZ     750ML,WINE STILL RED,VINARCHY AUSTRALIA,527777,9311043402227,6,9.90,14.99,Y,
,JACOBS,JACOBS CK RES CAB SAUV   750ML,WINE STILL RED,VINARCHY AUSTRALIA,525050,9311043404337,6,9.90,14.99,Y,
,TE,TREAD SOFTLY TEMPRANILLO 750ML,WINE STILL RED,FOURTH WAVE WINE PARTNERS,242885,9344154015925,6,9.83,14.99,Y,
,WYNNS,WYNNS SIDING CAB SAV     375ML,WINE STILL RED,TREASURY WINE ESTATES AUSTRALIA LIMITED,52751,9300620002967,12,9.80,14.99,,
,VALE,BERESFORD M /VALE SHIRAZ 375ML,WINE STILL RED,VOK BEVERAGES - WINES,664870,9315212006766,12,9.73,14.99,,
,ST,STONEHAVEN SS SHIRAZ     750ML,WINE STILL RED,DEM BONES WINES PTY,456688,9352694071059,12,9.43,13.99,,
,ST,STONEHAVEN SS PINOT NOIR 750ML,WINE STILL RED,DEM BONES WINES PTY,482087,9352694071110,12,9.43,13.99,,
,ANGOVE,ANGOVE ORGANIC SHIRAZ    750ML,WINE STILL RED,VINTAGE HOUSE WINE & SPIR,938753,9300694001347,6,9.41,13.99,Y,
,ANGOVE,ANGOVE ORGANIC MERLOT    750ML,WINE STILL RED,VINTAGE HOUSE WINE & SPIR,555042,9300694355440,6,9.41,13.99,Y,
,ANGOVE,ANGOVE ORGANIC SHZ/CAB   750ML,WINE STILL RED,VINTAGE HOUSE WINE & SPIR,790485,9300694349845,6,9.41,13.99,Y,
,ST,NUGAN EST 3RD GEN P/NOIR 750ML,WINE STILL RED,NUGAN ESTATE PTY LTD,822122,9329056001122,6,9.36,13.99,,
,ST,NUGAN EST 3RD GEN CABSAUV750ML,WINE STILL RED,NUGAN ESTATE PTY LTD,205147,9329056000460,6,9.36,13.99,,
,ST,NUGAN EST 3RD GEN SHIRAZ 750ML,WINE STILL RED,NUGAN ESTATE PTY LTD,200265,9329056000859,6,9.36,13.99,,
,TE,WATER WHEEL MEMSIE RED   750ML,WINE STILL RED,VINTAGE HOUSE WINE & SPIR,817839,9316378218000,12,9.29,13.99,,
,TAYLORS,TAYLORS PROM SHIRAZ CAB  750ML,WINE STILL RED,TAYLORS WINES PTY LTD,517269,9311659000497,6,9.20,13.99,Y,
,TAYLORS,TAYLORS PROM MERLOT      750ML,WINE STILL RED,TAYLORS WINES PTY LTD,513676,9311659000947,6,9.20,13.99,Y,
,TAYLORS,TAYLORS PROM CAB MERLOT  750ML,WINE STILL RED,TAYLORS WINES PTY LTD,553647,9311659000732,6,9.20,13.99,Y,
,TAYLORS,TAYLORS PROM CAB SAUV    750ML,WINE STILL RED,TAYLORS WINES PTY LTD,513668,9311659000923,6,9.20,13.99,Y,
,TAYLORS,TAYLORS PROM PINOT NOIR  750ML,WINE STILL RED,TAYLORS WINES PTY LTD,949631,9311659001746,6,9.20,13.99,Y,
,TAYLORS,TAYLORS PROM SHIRAZ      750ML,WINE STILL RED,TAYLORS WINES PTY LTD,513684,9311659000930,6,9.20,13.99,Y,
,TE,ELEFANTE TEMPRANL SHIRAZ 750ML,WINE STILL RED,FOURTH WAVE WINE PARTNERS,525694,8425132990142,12,8.99,13.99,Y,
,ST,MINKS EST COLLECTION SHIRAZ 1L,WINE STILL RED,DIVAS BEVERAGES AUSTRALIA,409212,9360911000768,6,8.97,13.99,,
,BERTON,BERTON METAL CAB SAUV    750ML,WINE STILL RED,BERTON VINEYARDS P/L,558333,9335966002272,6,8.65,12.99,Y,
,BERTON,BERTON METAL BLK SHIRAZ  750ML,WINE STILL RED,BERTON VINEYARDS P/L,668052,9335966000322,6,8.65,12.99,Y,
,BERTON,BERTON METAL DURIF       750ML,WINE STILL RED,BERTON VINEYARDS P/L,718182,9335966003835,6,8.65,12.99,Y,
,TE,Y SERIES TEMPRANILLO     750ML,WINE STILL RED,SAMUEL SMITH & SON,216457,9311789004112,12,8.53,12.99,Y,
,BURGE,G/BURGE B/MK CAB SAUV    750ML,WINE STILL RED,VINARCHY AUSTRALIA,572387,9315705011406,12,8.47,12.99,,
,BURGE,G/BURGE B/MK MERLOT      750ML,WINE STILL RED,VINARCHY AUSTRALIA,541611,9315705011505,12,8.47,12.99,,
,BURGE,G/BURGE B/MK SHIRAZ      750ML,WINE STILL RED,VINARCHY AUSTRALIA,668573,9315705011208,12,8.47,12.99,,
,MCGUIGAN,MCGUIGAN S/BATCH SHIRAZ  750ML,WINE STILL RED,AUSTRALIAN VINTAGE-DOMEST,304145,9310415017458,6,8.40,12.99,Y,
,MCGUIGAN,MCGUIGAN S/BATCH MALBEC 750ML,WINE STILL RED,AUSTRALIAN VINTAGE-DOMEST,481748,9310415018868,6,8.40,12.99,Y,
,MCGUIGAN,MCGUIGAN S/BATCH CAB SAU750ML,WINE STILL RED,AUSTRALIAN VINTAGE-DOMEST,304027,9310415017410,6,8.40,12.99,Y,
,MCGUIGAN,MCGUIGAN S/BATCH P/NOIR  750ML,WINE STILL RED,AUSTRALIAN VINTAGE-DOMEST,760919,9310415017984,6,8.40,12.99,Y,
,ZILZIE,ZILZIE S23 MERLOT        750ML,WINE STILL RED,ZILZIE WINES PTY LTD,826634,9329337001285,12,7.87,11.99,Y,
,ZILZIE,ZILZIE S23 SHIRAZ        750ML,WINE STILL RED,ZILZIE WINES PTY LTD,826642,9329337001308,12,7.87,11.99,Y,
,ZILZIE,ZILZIE S23 PINOT NOIR    750ML,WINE STILL RED,ZILZIE WINES PTY LTD,296902,9329337001025,12,7.87,11.99,Y,
,ZILZIE,ZILZIE S23 CAB/SAUV      750ML,WINE STILL RED,ZILZIE WINES PTY LTD,148426,9329337001292,12,7.87,11.99,Y,
,MCGUIGAN,MCGUIGAN BLK LBL RED        1L,WINE STILL RED,AUSTRALIAN VINTAGE-DOMEST,434720,9311471001597,6,7.81,11.99,Y,
,ST,STUDIO SERIES MERLOT     750ML,WINE STILL RED,VINTAGE HOUSE WINE & SPIR,575144,9300694344543,12,7.70,11.99,,
,ST,STUDIO SERIES CAB SAUV   750ML,WINE STILL RED,VINTAGE HOUSE WINE & SPIR,751114,9300694348848,12,7.70,11.99,,
,ST,STUDIO SERIES SHIRAZ     750ML,WINE STILL RED,VINTAGE HOUSE WINE & SPIR,151424,9300694359745,12,7.70,11.99,,
,TE,WHITE CLOUD MARLB P/NOIR 750ML,WINE STILL RED,MEDITRINA BEVERAGES PL,466900,9313748034468,12,7.66,11.99,Y,
,JACOBS,JACOBS CK CAB MERLOT     750ML,WINE STILL RED,VINARCHY AUSTRALIA,536336,9311043403521,12,7.56,11.99,Y,
,JACOBS,JACOBS CK SHIRAZ CAB     750ML,WINE STILL RED,VINARCHY AUSTRALIA,522272,9311043404146,12,7.56,11.99,Y,
,JACOBS,JACOBS CK MERLOT         750ML,WINE STILL RED,VINARCHY AUSTRALIA,767000,9311043400469,12,7.56,11.99,Y,
,JACOBS,JACOBS CK CAB SAUVIGNON  750ML,WINE STILL RED,VINARCHY AUSTRALIA,577926,9311043401763,12,7.56,11.99,Y,
,JACOBS,JACOBS CK SHIRAZ         750ML,WINE STILL RED,VINARCHY AUSTRALIA,560791,9311043401039,12,7.56,11.99,Y,
,JACOBS,JACOBS CK PINOT NOIR     750ML,WINE STILL RED,VINARCHY AUSTRALIA,503231,9311043403088,12,7.56,11.99,Y,
,PEPPERJACK,PEPPERJACK DISH SHIRAZ   750ML,WINE STILL RED,TREASURY WINE ESTATES,680703,9300770006990,6,7.54,11.99,Y,
,PEPPERJACK,PEPPERJACK DISH C/SAUV   750ML,WINE STILL RED,TREASURY WINE ESTATES,680567,9300770007027,6,7.54,11.99,Y,
,BURGE,G/BURGE GB88 CAB SAUV    750ML,WINE STILL RED,VINARCHY AUSTRALIA,572361,9315705012403,6,7.48,10.99,Y,
,BURGE,G/BURGE GB43 MERLOT      750ML,WINE STILL RED,VINARCHY AUSTRALIA,527023,9315705012366,6,7.48,10.99,Y,
,BURGE,G/BURGE GB56 SHIRAZ      750ML,WINE STILL RED,VINARCHY AUSTRALIA,668620,9315705012304,6,7.48,10.99,Y,
,BURGE,G/BURGE GB51 CAB SHIRAZ  750ML,WINE STILL RED,VINARCHY AUSTRALIA,668612,9315705012106,6,7.48,10.99,Y,
,HILL,CHALK HILL BLUE CAB/MER  750ML,WINE STILL RED,VINTAGE HOUSE WINE & SPIR,564740,9300694356041,12,6.80,9.99,,
,HILL,CHALK HILL BLUE SHZ/CAB  750ML,WINE STILL RED,VINTAGE HOUSE WINE & SPIR,523008,9300694335947,12,6.80,9.99,,
,MCGUIGAN,MCGUIGAN BLK LBL MERLOT  750ML,WINE STILL RED,AUSTRALIAN VINTAGE-DOMEST,784997,0764253505186,6,6.79,9.99,Y,
,MCGUIGAN,MCGUIGAN BLK LBL MID RED 750ML,WINE STILL RED,AUSTRALIAN VINTAGE-DOMEST,199537,9310415019148,6,6.79,9.99,Y,
,MCGUIGAN,MCGUIGAN BLK LBL MALBEC  750ML,WINE STILL RED,AUSTRALIAN VINTAGE-DOMEST,928172,9310415016871,6,6.79,9.99,Y,
,MCGUIGAN,MCGUIGAN BLK LBL CAB SAV 750ML,WINE STILL RED,AUSTRALIAN VINTAGE-DOMEST,548744,0764253951020,6,6.79,9.99,Y,
,MCGUIGAN,MCGUIGAN BLK LBL SHIRAZ  750ML,WINE STILL RED,AUSTRALIAN VINTAGE-DOMEST,383123,0764253505452,6,6.79,9.99,Y,
,MCGUIGAN,MCGUIGAN BLK LBL CAB MRL 750ML,WINE STILL RED,AUSTRALIAN VINTAGE-DOMEST,787686,0764253505209,6,6.79,9.99,Y,
,MCGUIGAN,MCGUIGAN BLK LBL RED     750ML,WINE STILL RED,AUSTRALIAN VINTAGE-DOMEST,518524,0764253500204,6,6.79,9.99,Y,
,ANGOVE,ANGOVE L/ROW MERLOT      750ML,WINE STILL RED,VINTAGE HOUSE WINE & SPIR,538079,9300694338542,12,6.41,9.99,,
,ANGOVE,ANGOVE L/ROW SHIRAZ      750ML,WINE STILL RED,VINTAGE HOUSE WINE & SPIR,535013,9300694338443,12,6.41,9.99,,
,ANGOVE,ANGOVE L/ROW CAB SAUV    750ML,WINE STILL RED,VINTAGE HOUSE WINE & SPIR,530495,9300694338344,12,6.41,9.99,,
,DE,M DE MINUTY ROSE         750ML,WINE STILL ROSE,MOET HENNESSY AUSTRALIA,529517,3547102223007,6,24.33,35.99,,
,PENFOLDS,PENFOLDS MAX ROSE        750ML,WINE STILL ROSE,PENFOLDS WINES INTERNATIO,151217,9310297040117,6,20.10,29.99,Y,
,ST,ESTANDON HERITAGE ROSE   750ML,WINE STILL ROSE,VINTAGE HOUSE WINE & SPIR,488211,3269210254024,6,19.95,29.99,,
,PETALUMA,PETALUMA WL ROSE         750ML,WINE STILL ROSE,VINARCHY AUSTRALIA,736910,9338979841043,6,18.67,27.99,Y,
,DE,TAYLOR MADE P/NOIR ROSE  750ML,WINE STILL ROSE,TAYLORS WINES PTY LTD,768666,9311659001548,6,17.18,25.99,,
,PEPPERJACK,PEPPERJACK ROSE 750ML,WINE STILL ROSE,TREASURY WINE ESTATES,318911,9300770005368,6,16.76,24.99,Y,
,AUDREY,AUDREY WILK ROSE         750ML,WINE STILL ROSE,JOVAL WINE GROUP PTY LTD,587727,9330726000680,6,15.94,23.99,Y,
,YALUMBA,YALUMBA SC BAROSSA G/ROSE750ML,WINE STILL ROSE,SAMUEL SMITH & SON,960726,9311789009155,6,15.67,22.99,Y,
,ST,ST HALLETT ROSE          750ML,WINE STILL ROSE,VINARCHY AUSTRALIA,512206,9316920400945,6,15.48,22.99,,
,DE,MADELEINE MEDIT CUVEEROSE750ML,WINE STILL ROSE,DOMAINE WINE SHIPPERS P/L,495527,3760109885881,12,15.47,22.99,,
,ANGOVE,ANGOVE LITTLE BR O ROSE  750ML,WINE STILL ROSE,VINTAGE HOUSE WINE & SPIR,531904,9300694003471,6,15.41,22.99,,
,WIRRA,WIRRA WIRRA MRS WIG ROSE 750ML,WINE STILL ROSE,SAMUEL SMITH & SON,517316,9315125901080,6,15.02,22.99,,
,YERING,LITTLE YERING DRY ROSE   750ML,WINE STILL ROSE,OATLEY FINE WINE MERCHANT,491502,9316562003641,6,14.42,21.99,Y,
,ST,ST HUBERTS STAG ROSE     750ML,WINE STILL ROSE,TREASURY WINE ESTATES,697802,9313666000453,6,14.40,21.99,,
,TE,TEMPLE BRUER P/F ROSE    750ML,WINE STILL ROSE,VINTAGE HOUSE WINE & SPIR,283111,9313531000984,12,14.27,20.99,Y,
,DE,MARQUIS DE PENNAUTIER    750ML,WINE STILL ROSE,OATLEY FINE WINE MERCHANT,696966,3454781520887,12,14.22,20.99,,
,TE,PETER LEHM PORT ROSE     750ML,WINE STILL ROSE,OATLEY FINE WINE MERCHANT,947998,9311910105909,6,13.64,20.99,,
,ST,ARA SINGLE EST PNT ROSE  750ML,WINE STILL ROSE,OATLEY FINE WINE MERCHANT,227144,9416040002897,6,13.61,19.99,Y,
,WILD,WILDFLOWER ROSE          750ML,WINE STILL ROSE,OATLEY FINE WINE MERCHANT,872465,9338053009543,6,13.41,19.99,Y,
,ST,INNOCENT BYSTAND ROSE    750ML,WINE STILL ROSE,BROWN FAMILY WINE GROUP,762092,9331574001591,6,13.25,19.99,Y,
,DE,QUILTY & GRANSDEN ROSE   750ML,WINE STILL ROSE,OATLEY FINE WINE MERCHANT,437414,9354568000455,6,12.16,17.99,,
,ST,ST AIME ROSE             750ML,WINE STILL ROSE,OATLEY FINE WINE MERCHANT,667108,9338053012932,6,11.35,16.99,Y,
,TE,MATEUS ROSE KANGA PACK   750ML,WINE STILL ROSE,OATLEY FINE WINE MERCHANT,777291,07772917,6,10.42,15.99,Y,
,TE,MATEUS ROSE              750ML,WINE STILL ROSE,OATLEY FINE WINE MERCHANT,546917,5601012011500,6,9.96,14.99,Y,
,JACOBS,JACOBS CK LP ROSE        750ML,WINE STILL ROSE,VINARCHY AUSTRALIA,640994,9311043403484,6,9.69,14.99,Y,
,ST,STONEHAVEN SS ROSE       750ML,WINE STILL ROSE,DEM BONES WINES PTY,465551,9352694071219,12,9.43,13.99,,
,ANGOVE,ANGOVE ORGANIC ROSE      750ML,WINE STILL ROSE,VINTAGE HOUSE WINE & SPIR,881919,9300694000890,6,9.41,13.99,Y,
,TAYLORS,TAYLORS PROM ROSE        750ML,WINE STILL ROSE,TAYLORS WINES PTY LTD,253438,9311659002552,6,9.20,13.99,Y,
,ZILZIE,ZILZIE BTW ROSE          750ML,WINE STILL ROSE,ZILZIE WINES PTY LTD,814077,9329337002985,12,9.19,13.99,,
,ST,NUGAN EST 3RD GEN SHZROSE750ML,WINE STILL ROSE,NUGAN ESTATE PTY LTD,938245,9329056003539,12,9.03,13.99,,
,BERTON,BERTON METAL ROSE        750ML,WINE STILL ROSE,BERTON VINEYARDS P/L,19436,9335966004870,6,8.65,12.99,Y,
,MCGUIGAN,MCGUIGAN S/BATCH ROSE    750ML,WINE STILL ROSE,AUSTRALIAN VINTAGE-DOMEST,304124,9310415017434,6,8.40,12.99,Y,
,DE,UPSIDE DOWN ROSE         750ML,WINE STILL ROSE,TREASURY WINE ESTATES,939592,9415305000357,6,8.20,12.99,Y,
,JACOBS,JACOBS CK SHIRAZ ROSE    750ML,WINE STILL ROSE,VINARCHY AUSTRALIA,568561,9311043405914,12,7.56,11.99,Y,
,MCGUIGAN,MCGUIGAN BLK LBL ROSE    750ML,WINE STILL ROSE,AUSTRALIAN VINTAGE-DOMEST,378204,9311471001665,6,6.79,9.99,Y,
,PETALUMA,PETALUMA YL CHARDONNAY   750ML,WINE STILL WHITE,VINARCHY AUSTRALIA,522052,9338979018490,6,59.56,87.99,,
,PENFOLDS,PENFOLDS BIN311 CHARD 25 750ML,WINE STILL WHITE,PENFOLDS WINES INTERNATIO,525152,9310297070022,6,41.73,61.99,,
,PENFOLDS,PENFOLDS BIN51 EV RIES26 750ML,WINE STILL WHITE,PENFOLDS WINES INTERNATIO,524931,9310297075898,6,34.66,50.99,,
,ST,RIORRET EAST RIDGE CHARD 750ML,WINE STILL WHITE,DE BORTOLI WINES PTY LIMI,930792,9300752088204,6,31.52,46.99,,
,ST,LOST FARM TAS CHARDONNAY 750ML,WINE STILL WHITE,VINTAGE HOUSE WINE & SPIR,873568,9300694001408,6,31.30,45.99,,
,PETALUMA,PETALUMA YL RIESLING     750ML,WINE STILL WHITE,VINARCHY AUSTRALIA,540424,9338979029649,6,31.11,45.99,,
,ATA,CATALINA SOUNDS CHARD    750ML,WINE STILL WHITE,JOVAL WINE GROUP PTY LTD,383754,9316128002330,6,27.28,40.99,,
,HENSCHKE,HENSCHKE INNES  PNT GRIS 750ML,WINE STILL WHITE,JOVAL WINE GROUP PTY LTD,582002,9320909034069,6,23.58,34.99,,
,KATNOOK,KATNOOK CHARDONNAY       750ML,WINE STILL WHITE,VINARCHY AUSTRALIA,530063,9311043876745,6,23.55,34.99,,
,PIPER,PIPERS TAS PINOT GRIS    750ML,WINE STILL WHITE,PURE WINE COMPANY PTY LTD,743878,9315314991144,6,21.98,32.99,,
,DE,DEVILISH CHARDONNAY      750ML,WINE STILL WHITE,TREASURY WINE ESTATES,172014,9311220009553,6,21.57,31.99,,
,ST,BUNNAMAGOO EST SEMILLON  750ML,WINE STILL WHITE,BUNNAMAGOO ESTATE,500487,9338153000037,12,20.75,30.99,,
,ST,BUNNAMAGOO EST RIESLING  750ML,WINE STILL WHITE,BUNNAMAGOO ESTATE,473889,9338153000044,12,20.75,30.99,,
,PENFOLDS,PENFOLDS MAX CHARDONNAY  750ML,WINE STILL WHITE,PENFOLDS WINES INTERNATIO,644532,9310297010523,6,20.10,29.99,Y,
,ST,HEGGIES EST RIESLING     750ML,WINE STILL WHITE,SAMUEL SMITH & SON,530178,9311789000275,6,20.00,29.99,,
,ST,ST HUBERTS CHARDONNAY    750ML,WINE STILL WHITE,TREASURY WINE ESTATES,533273,9313666113238,6,19.88,29.99,,
,ATA,CATALINA SOUNDS SAUV BLNC750ML,WINE STILL WHITE,JOVAL WINE GROUP PTY LTD,865329,9316128000367,6,19.58,28.99,Y,
,TAYLORS,TAYLORS HTGE RIESLING OP 750ML,WINE STILL WHITE,TAYLORS WINES PTY LTD,535212,9311659003047,6,19.32,28.99,,
,TE,CORTE GIARA PINOT GRIGIO 750ML,WINE STILL WHITE,NEGOCIANTS AUSTRALIA,592772,0801522000260,6,19.24,28.99,,
,SHAW,PHILIP SHAW GARD P/GRIS  750ML,WINE STILL WHITE,OATLEY FINE WINE MERCHANT,580403,9336520002080,6,18.96,27.99,Y,
,PETALUMA,PETALUMA WL CHARD        750ML,WINE STILL WHITE,VINARCHY AUSTRALIA,571535,9338979000525,6,18.67,27.99,Y,
,PETALUMA,PETALUMA WL PINOT GRIS   750ML,WINE STILL WHITE,VINARCHY AUSTRALIA,571543,9338979000556,6,18.67,27.99,Y,
,PIKES,PIKES RIESLING           750ML,WINE STILL WHITE,OATLEY FINE WINE MERCHANT,536580,9315825003039,6,18.62,27.99,Y,
,DE,PONTING TOP ORDER CHARD  750ML,WINE STILL WHITE,CALABRIA FAMILY WINES P/L,911421,9356226000135,6,18.18,26.99,,
,ST,STONEFISH CHARDONNAY MR 750ML,WINE STILL WHITE,LIGHT FEET WINES PTY LTD,516213,9335564003343,12,18.06,26.99,,
,TE,SANTI SORTES PINOT GRIG  750ML,WINE STILL WHITE,OATLEY FINE WINE MERCHANT,581263,8000160671494,6,17.62,25.99,,
,TE,PETER LEHM H&V EV CHARD  750ML,WINE STILL WHITE,OATLEY FINE WINE MERCHANT,556323,9311910103547,6,17.34,25.99,,
,TE,PETER LEHM H&V PINOT GRIS750ML,WINE STILL WHITE,OATLEY FINE WINE MERCHANT,565178,9311910104209,6,17.34,25.99,,
,DE,TAYLOR MADE PINOT GRIS 750ML,WINE STILL WHITE,TAYLORS WINES PTY LTD,129210,9311659002477,6,17.18,25.99,,
,BERTON,BERTON RESERVE BOTRYTIS  375ML,WINE STILL WHITE,BERTON VINEYARDS P/L,413169,9335966000254,3,16.85,24.99,,
,PEPPERJACK,PEPPERJACK CHARDONNAY    750ML,WINE STILL WHITE,TREASURY WINE ESTATES,874718,9300770005160,6,16.76,24.99,Y,
,WIRRA,WIRRA WIRRA H/CHP S/BLNC 750ML,WINE STILL WHITE,SAMUEL SMITH & SON,589208,9315125901363,6,16.73,24.99,Y,
,HILL,PENNYS HILL THE AGRMT SB 750ML,WINE STILL WHITE,DOMAINE WINE SHIPPERS P/L,472249,9326215002662,6,16.71,24.99,,
,TAYLORS,TAYLORS JARAMAN CHARD    750ML,WINE STILL WHITE,TAYLORS WINES PTY LTD,805581,9311659000794,6,16.52,24.99,Y,
,DE,ROLF BINDER E/V RIESLING 750ML,WINE STILL WHITE,VINARCHY AUSTRALIA,596768,9333362000168,6,16.21,23.99,,
,WYNNS,WYNNS GABLES CHARDONNAY  750ML,WINE STILL WHITE,TREASURY WINE ESTATES,590283,9300620005180,6,16.08,23.99,,
,TE,CALI SNOOP BUTTERY CHARD 750ML,WINE STILL WHITE,TREASURY WINE ESTATES,544041,9311220013635,6,16.08,23.99,,
,ST,NUGAN EST K/VLY PNT GRIG 750ML,WINE STILL WHITE,NUGAN ESTATE PTY LTD,761973,9329056000446,6,16.05,23.99,,
,AUDREY,AUDREY WILK PINOT GRIGIO 750ML,WINE STILL WHITE,JOVAL WINE GROUP PTY LTD,913973,9330726000741,6,15.94,23.99,Y,
,AUDREY,AUDREY WILK SEM SAV BLNC 750ML,WINE STILL WHITE,JOVAL WINE GROUP PTY LTD,590500,9330726000635,6,15.94,23.99,Y,
,AUDREY,AUDREY WILK SEMILLON     750ML,WINE STILL WHITE,JOVAL WINE GROUP PTY LTD,585089,9330726000727,6,15.94,23.99,Y,
,AUDREY,AUDREY WILK CHARDONNAY   750ML,WINE STILL WHITE,JOVAL WINE GROUP PTY LTD,582727,9330726000659,6,15.94,23.99,Y,
,ST,NUGAN EST K/VLY SAV BLNC 750ML,WINE STILL WHITE,NUGAN ESTATE PTY LTD,581195,9329056000835,12,15.73,23.99,,
,BURGE,G/BURGE THORN EV RIES    750ML,WINE STILL WHITE,VINARCHY AUSTRALIA,516611,9315705002008,6,15.59,22.99,Y,
,BURGE,G/BURGE E/ARGYLE P/GRIS  750ML,WINE STILL WHITE,VINARCHY AUSTRALIA,858110,9315705001001,6,15.59,22.99,Y,
,ST,NUGAN EST K/VLY CHARD    750ML,WINE STILL WHITE,NUGAN ESTATE PTY LTD,580830,9329056000828,6,15.46,22.99,Y,
,ANGOVE,ANGOVE LITTLE BRD O RIES 750ML,WINE STILL WHITE,VINTAGE HOUSE WINE & SPIR,370751,9300694003211,6,15.41,22.99,,
,ANGOVE,ANGOVE LITTLE BR P/GRIS  750ML,WINE STILL WHITE,VINTAGE HOUSE WINE & SPIR,306359,9300694003174,6,15.41,22.99,,
,WILD,WILD OLIVE ORG CHARD     750ML,WINE STILL WHITE,VINTAGE HOUSE WINE & SPIR,440519,9300694000449,6,15.22,22.99,Y,
,OATLEY,ROB OATLEY SIGN RIESLING 750ML,WINE STILL WHITE,OATLEY FINE WINE MERCHANT,553684,9338053002100,6,15.22,22.99,Y,
,OATLEY,ROB OATLEY SIGN SBS      750ML,WINE STILL WHITE,OATLEY FINE WINE MERCHANT,172747,9338053012161,6,15.22,22.99,Y,
,OATLEY,ROB OATLEY SIGN SAUV BLC 750ML,WINE STILL WHITE,OATLEY FINE WINE MERCHANT,553668,9338053002087,6,15.22,22.99,Y,
,OATLEY,ROB OATLEY SIGN CHARD    750ML,WINE STILL WHITE,OATLEY FINE WINE MERCHANT,553707,9338053002049,6,15.22,22.99,Y,
,MONDAVI,R/MONDAVI CALI CHARDONNAY750ML,WINE STILL WHITE,CONSTELLATION BRANDS NZ,14290,9421033032638,6,14.91,21.99,Y,
,MONDAVI,R/MONDAVI CALI BUTTRY CHD750ML,WINE STILL WHITE,CONSTELLATION BRANDS NZ,237343,9421033032621,6,14.91,21.99,Y,
,YERING,LITTLE YERING CHARDONNAY 750ML,WINE STILL WHITE,OATLEY FINE WINE MERCHANT,980365,9316562002354,6,14.42,21.99,Y,
,BERTON,BERTON RESERVE CHARD     750ML,WINE STILL WHITE,BERTON VINEYARDS P/L,566289,9335966000209,6,14.41,21.99,Y,
,ST,ST HUBERTS STAG CHARD    750ML,WINE STILL WHITE,TREASURY WINE ESTATES,641576,9313666000279,6,14.40,21.99,,
,ST,ST HUBERTS STAG P/GRIGIO 750ML,WINE STILL WHITE,TREASURY WINE ESTATES,697687,9313666000439,6,14.40,21.99,,
,TE,TEMPLE BRUER P/F CHARD   750ML,WINE STILL WHITE,VINTAGE HOUSE WINE & SPIR,419550,9313531000991,12,14.27,20.99,Y,
,ST,MOONSTRUCK P/GRIG OP     750ML,WINE STILL WHITE,BROWN FAMILY WINE GROUP,573846,9311124000045,6,14.04,20.99,,
,BERTON,BERTON ALFRESCO VERMNTINO750ML,WINE STILL WHITE,BERTON VINEYARDS P/L,239727,9335966005877,6,14.01,20.99,,
,BERTON,BERTON ALFRESCO FIANO    750ML,WINE STILL WHITE,BERTON VINEYARDS P/L,239560,9335966005853,6,14.01,20.99,,
,ST,CALM BEFORE THE STORMCHD750ML,WINE STILL WHITE,TAYLORS WINES PTY LTD,902066,9311659002361,6,13.99,20.99,,
,HILL,RED HILL CHARDONNAY      750ML,WINE STILL WHITE,RED HILL WINE PTY LTD,796944,9325823000992,6,13.99,20.99,Y,
,XANADU,XANADU CIRCA 77 CHARD    750ML,WINE STILL WHITE,OATLEY FINE WINE MERCHANT,672310,9336957002653,6,13.97,20.99,Y,
,TE,LITTLE GIANT BUTTERY CHAR750ML,WINE STILL WHITE,FOURTH WAVE WINE PARTNERS,481002,9344154020639,6,13.75,20.99,Y,
,JACOBS,JACOBS CK DBL BAR CHARD 750ML,WINE STILL WHITE,VINARCHY AUSTRALIA,244735,9311043406713,6,13.66,20.99,Y,
,TE,PETER LEHM PORT P/GRIGIO 750ML,WINE STILL WHITE,OATLEY FINE WINE MERCHANT,979929,9311910106401,6,13.64,20.99,,
,TE,PETER LEHM PORT RIESLING 750ML,WINE STILL WHITE,OATLEY FINE WINE MERCHANT,794447,9311910101925,6,13.64,20.99,,
,TE,PETER LEHM PORT CHARD    750ML,WINE STILL WHITE,OATLEY FINE WINE MERCHANT,418800,9311910106920,6,13.64,20.99,,
,ST,ARA SINGLE EST CHARD 750ML,WINE STILL WHITE,OATLEY FINE WINE MERCHANT,839831,9416040001357,6,13.61,19.99,Y,
,ST,ARA SINGLE EST PNT GRIS  750ML,WINE STILL WHITE,OATLEY FINE WINE MERCHANT,544499,9421900742165,6,13.61,19.99,Y,
,ST,INNOCENT BYSTAND P/GRIS  750ML,WINE STILL WHITE,BROWN FAMILY WINE GROUP,762199,9331574000617,6,13.25,19.99,Y,
,ST,INNOCENT BYSTAND CHARD   750ML,WINE STILL WHITE,BROWN FAMILY WINE GROUP,778912,9331574000655,6,13.25,19.99,Y,
,WILD,WILDFLOWER PINOT GRIGIO  750ML,WINE STILL WHITE,OATLEY FINE WINE MERCHANT,872261,9338053009505,6,13.18,19.99,Y,
,WILD,WILDFLOWER CHARDONNAY    750ML,WINE STILL WHITE,OATLEY FINE WINE MERCHANT,869593,9338053009529,6,13.18,19.99,Y,
,DE,TULLOCH VERDELHO         750ML,WINE STILL WHITE,VINTAGE HOUSE WINE & SPIR,531661,9316553550017,6,12.68,18.99,,
,GIESEN,GIESEN PINOT GRIS        750ML,WINE STILL WHITE,OATLEY FINE WINE MERCHANT,528558,9416040100241,6,12.53,18.99,Y,
,GIESEN,GIESEN CHARDONNAY        750ML,WINE STILL WHITE,OATLEY FINE WINE MERCHANT,549088,9416040000183,6,12.53,18.99,Y,
,GIESEN,GIESEN RIESLING          750ML,WINE STILL WHITE,OATLEY FINE WINE MERCHANT,512840,9416040100036,6,12.53,18.99,Y,
,ST,FAT BASTARD CHARDONNAY6S 750ML,WINE STILL WHITE,JOVAL WINE GROUP PTY LTD,242490,9316128001678,6,12.31,18.99,Y,
,DE,QUILTY & GRANSDEN CHARD  750ML,WINE STILL WHITE,OATLEY FINE WINE MERCHANT,148515,9354568000264,6,12.16,17.99,,
,DE,QUILTY & GRANSDEN P/GRIS 750ML,WINE STILL WHITE,OATLEY FINE WINE MERCHANT,157276,9338053012895,6,12.16,17.99,,
,ST,MINKS EST AUTUMN WD PGRIG750ML,WINE STILL WHITE,DIVAS BEVERAGES AUSTRALIA,698939,9359615000297,6,12.03,17.99,,
,ST,MINKS EST AUTUMN WD CHARD750ML,WINE STILL WHITE,DIVAS BEVERAGES AUSTRALIA,698921,9359615000129,6,12.03,17.99,,
,SEPPELT,SEPPELT DRIVES OP CHARD  750ML,WINE STILL WHITE,TREASURY WINE ESTATES,552468,9310194001341,6,11.96,17.99,,
,ZILZIE,ZILZIE R/COLL PINOT GRIS 750ML,WINE STILL WHITE,ZILZIE WINES PTY LTD,511323,9329337002350,6,11.91,17.99,Y,
,ZILZIE,ZILZIE R/COLL CHARDONNAY 750ML,WINE STILL WHITE,ZILZIE WINES PTY LTD,511331,9329337002251,6,11.91,17.99,Y,
,DE,MOONDAH BROOK VERDELHO   750ML,WINE STILL WHITE,CALNEGGIA FAMILY VINEYARD,526103,9311420039862,6,11.88,17.99,,
,WYNNS,WYNNS SIDING RIESLING    750ML,WINE STILL WHITE,TREASURY WINE ESTATES,525864,9300620006330,6,11.80,17.99,Y,
,WYNNS,WYNNS SIDING CHARDONNAY  750ML,WINE STILL WHITE,TREASURY WINE ESTATES,520335,9300620006262,6,11.80,17.99,Y,
,BROWN,BROWN BRO MOSCATO P/GRIG 750ML,WINE STILL WHITE,BROWN FAMILY WINE GROUP,921109,9311124402511,6,11.69,17.99,Y,
,BROWN,BROWN BRO MOSCATO CHARD  750ML,WINE STILL WHITE,BROWN FAMILY WINE GROUP,436536,9311124400586,6,11.69,17.99,Y,
,BROWN,BROWN BRO MOSCATO MANGO  750ML,WINE STILL WHITE,BROWN FAMILY WINE GROUP,768056,9311124000854,6,11.69,17.99,Y,
,ST,GOUNDREY HMSTD UNW CHARD 750ML,WINE STILL WHITE,VINARCHY AUSTRALIA,527214,9316369013157,6,11.59,17.99,,
,BURGE,G/BURGE PEARL PINOT GRIS 750ML,WINE STILL WHITE,VINARCHY AUSTRALIA,335625,9315705208073,6,11.59,17.99,,
,BURGE,G/BURGE PEARL CHARDONNAY 750ML,WINE STILL WHITE,VINARCHY AUSTRALIA,332999,9315705108014,6,11.59,17.99,,
,ST,ST AIME PINOT GRIS       750ML,WINE STILL WHITE,OATLEY FINE WINE MERCHANT,666592,9338053012956,6,11.35,16.99,Y,
,CRAWFORD,K/CRAWFORD MARL P/GRIS   750ML,WINE STILL WHITE,CONSTELLATION BRANDS NZ,784858,9419227009139,6,11.33,16.99,Y,
,CRAWFORD,K/CRAWFORD CHARD 750ML,WINE STILL WHITE,CONSTELLATION BRANDS NZ,570775,9419227009146,6,11.33,16.99,Y,
,ST,SECRET STONE PINOT GRIS  750ML,WINE STILL WHITE,TREASURY WINE ESTATES,861786,9415305004683,6,11.26,16.99,Y,
,ST,SECRET STONE SAV BLNC MV 750ML,WINE STILL WHITE,TREASURY WINE ESTATES,502109,9415305186068,6,11.26,16.99,Y,
,MATUA,MATUA VLY MARLB SAV BLNC 750ML,WINE STILL WHITE,TREASURY WINE ESTATES,509583,9415305122011,6,11.26,16.99,Y,
,BROWN,BROWN BRO CROUCHEN RIES  750ML,WINE STILL WHITE,BROWN FAMILY WINE GROUP,528210,0029147106871,6,11.09,16.99,,
,JACOBS,JACOBS CK M/HALL P/GRIGIO750ML,WINE STILL WHITE,VINARCHY AUSTRALIA,807326,9300727037114,6,10.96,16.99,,
,ST,ST AMAND AH CHARDONNAY   750ML,WINE STILL WHITE,INDEPENDENT LIQUOR RETAIL,286211,9343959006121,12,10.49,15.99,Y,
,BURGE,G/BURGE 5TH GEN PNT GRIS 750ML,WINE STILL WHITE,VINARCHY AUSTRALIA,560380,9315705007805,6,10.35,15.99,Y,
,BURGE,G/BURGE 5TH GEN CHARD    750ML,WINE STILL WHITE,VINARCHY AUSTRALIA,563126,9315705007867,6,10.35,15.99,Y,
,TE,LEGOATE THE LIONS PR  SB 750ML,WINE STILL WHITE,LEOGATE ESTATE WINES PTY.,395358,9351518001074,6,10.04,14.99,Y,
,DE,THE LIONS PRIDE P/GRIS   750ML,WINE STILL WHITE,LEOGATE ESTATE WINES PTY.,389747,9351518001111,6,10.04,14.99,Y,
,DE,THE LIONS PRIDE CHARD    750ML,WINE STILL WHITE,LEOGATE ESTATE WINES PTY.,389695,9351518001036,6,10.04,14.99,Y,
,JACOBS,JACOBS CK RES CHARDONNAY 750ML,WINE STILL WHITE,VINARCHY AUSTRALIA,528600,9311043403361,6,9.90,14.99,Y,
,JACOBS,JACOBS CK LP PINOT GRIS  750ML,WINE STILL WHITE,VINARCHY AUSTRALIA,830963,9311043405082,6,9.69,14.99,Y,
,ANGOVE,ANGOVE ORGANIC CHARD     750ML,WINE STILL WHITE,VINTAGE HOUSE WINE & SPIR,790493,9300694376841,6,9.41,13.99,Y,
,ANGOVE,ANGOVE ORGANIC SAUV BL   750ML,WINE STILL WHITE,VINTAGE HOUSE WINE & SPIR,577387,9300694381548,6,9.41,13.99,Y,
,ST,NUGAN EST 3RD GEN CHARD  750ML,WINE STILL WHITE,NUGAN ESTATE PTY LTD,200189,9329056000866,6,9.36,13.99,,
,TAYLORS,TAYLORS PROM P/GRIGIO 750ML,WINE STILL WHITE,TAYLORS WINES PTY LTD,317151,9311659002125,6,9.20,13.99,Y,
,ST,MINKS EST COLLECTION CHARD  1L,WINE STILL WHITE,DIVAS BEVERAGES AUSTRALIA,429893,9360911000775,6,8.97,13.99,,
,JACOBS,JACOBS CK C/HARV P/GRIGO 750ML,WINE STILL WHITE,VINARCHY AUSTRALIA,544376,9311043405518,6,8.90,13.99,Y,
,JACOBS,JACOBS CK C/HARV SAV BLC 750ML,WINE STILL WHITE,VINARCHY AUSTRALIA,544384,9311043403187,6,8.90,13.99,Y,
,BERTON,BERTON METAL PINOT GRIGIO750ML,WINE STILL WHITE,BERTON VINEYARDS P/L,451125,9335966005631,6,8.65,12.99,Y,
,BERTON,BERTON METAL CLS CHARD   750ML,WINE STILL WHITE,BERTON VINEYARDS P/L,558325,9335966002265,6,8.65,12.99,Y,
,BERTON,BERTON METAL VERMENTINO  750ML,WINE STILL WHITE,BERTON VINEYARDS P/L,570076,9335966002548,6,8.65,12.99,Y,
,BURGE,G/BURGE B/MK CHARDONNAY  750ML,WINE STILL WHITE,VINARCHY AUSTRALIA,668531,9315705011000,12,8.47,12.99,,
,BURGE,G/BURGE B/MK PINOT GRIG  750ML,WINE STILL WHITE,VINARCHY AUSTRALIA,527031,9315705011048,12,8.47,12.99,,
,MCGUIGAN,MCGUIGAN S/BATCH P/GRIGIO750ML,WINE STILL WHITE,AUSTRALIAN VINTAGE-DOMEST,478216,9310415017953,6,8.40,12.99,Y,
,MCGUIGAN,MCGUIGAN S/BATCH SAV BLNC750ML,WINE STILL WHITE,AUSTRALIAN VINTAGE-DOMEST,304108,9310415017441,6,8.40,12.99,Y,
,MCGUIGAN,MCGUIGAN S/BATCH CHARD   750ML,WINE STILL WHITE,AUSTRALIAN VINTAGE-DOMEST,304077,9310415017427,6,8.40,12.99,Y,
,DE,UPSIDE DOWN PINOT GRIGIO 750ML,WINE STILL WHITE,TREASURY WINE ESTATES,605779,9415305000920,6,8.20,12.99,Y,
,BROWN,BROWN BRO ORA MUS FLORA  375ML,WINE STILL WHITE,BROWN FAMILY WINE GROUP,535225,0029147130876,12,8.14,11.99,,
,ZILZIE,ZILZIE S23 PINOT GRIGIO  750ML,WINE STILL WHITE,ZILZIE WINES PTY LTD,826595,9329337001230,12,7.87,11.99,Y,
,ZILZIE,ZILZIE S23 CHARDONNAY    750ML,WINE STILL WHITE,ZILZIE WINES PTY LTD,826600,9329337001254,12,7.87,11.99,Y,
,ST,STUDIO SERIES PINOT GRIG 750ML,WINE STILL WHITE,VINTAGE HOUSE WINE & SPIR,90652,9300694382842,12,7.70,11.99,,
,ST,STUDIO SERIES CHARDONNAY 750ML,WINE STILL WHITE,VINTAGE HOUSE WINE & SPIR,575063,9300694372942,12,7.70,11.99,,
,JACOBS,JACOBS CK PINOT GRIGIO   750ML,WINE STILL WHITE,VINARCHY AUSTRALIA,760197,9311043404306,12,7.56,11.99,Y,
,JACOBS,JACOBS CK CHARDONNAY     750ML,WINE STILL WHITE,VINARCHY AUSTRALIA,532188,9311043400001,12,7.56,11.99,Y,
,JACOBS,JACOBS CK RIESLING       750ML,WINE STILL WHITE,VINARCHY AUSTRALIA,528781,9311043402685,12,7.56,11.99,Y,
,PEPPERJACK,PEPPERJACK DISH CHARD SC 750ML,WINE STILL WHITE,TREASURY WINE ESTATES,927171,9300770007362,6,7.54,11.99,Y,
,PEPPERJACK,PEPPERJACK DISH SAUVB SC 750ML,WINE STILL WHITE,TREASURY WINE ESTATES,927155,9300770007386,6,7.54,11.99,Y,
,BURGE,G/BURGE GB32 CHARDONNAY  750ML,WINE STILL WHITE,VINARCHY AUSTRALIA,668599,9315705012007,6,7.48,10.99,Y,
,BURGE,G/BURGE GB15 PNT GRIGIO  750ML,WINE STILL WHITE,VINARCHY AUSTRALIA,527463,9315705012267,6,7.48,10.99,Y,
,HILL,CHALK HILL BLUE MOSCATO  750ML,WINE STILL WHITE,VINTAGE HOUSE WINE & SPIR,95380,9300694382149,12,6.80,9.99,,
,HILL,CHALK HILL BLUE SEM/SBL  750ML,WINE STILL WHITE,VINTAGE HOUSE WINE & SPIR,540788,9300694379743,12,6.80,9.99,,
,MCGUIGAN,MCGUIGAN BLK LBL VERDLHO 750ML,WINE STILL WHITE,AUSTRALIAN VINTAGE-DOMEST,759471,0764253008908,6,6.79,9.99,Y,
,MCGUIGAN,MCGUIGAN BLK LBL P/GRIG 750ML,WINE STILL WHITE,AUSTRALIAN VINTAGE-DOMEST,561213,0764253950641,6,6.79,9.99,Y,
,MCGUIGAN,MCGUIGAN BLK LBL CHARD   750ML,WINE STILL WHITE,AUSTRALIAN VINTAGE-DOMEST,562361,0764253003705,6,6.79,9.99,Y,
,MCGUIGAN,MCGUIGAN BLK LBL SAV BLC 750ML,WINE STILL WHITE,AUSTRALIAN VINTAGE-DOMEST,775655,9315743501181,6,6.79,9.99,Y,
,ANGOVE,ANGOVE L/ROW PINOT GRIG  750ML,WINE STILL WHITE,VINTAGE HOUSE WINE & SPIR,566865,9300694380749,12,6.41,9.99,,
,ANGOVE,ANGOVE L/ROW CHARD       750ML,WINE STILL WHITE,VINTAGE HOUSE WINE & SPIR,543715,9300694368341,12,6.41,9.99,,
,ANGOVE,ANGOVE L/ROW RIESLING    750ML,WINE STILL WHITE,VINTAGE HOUSE WINE & SPIR,987359,9300694375646,12,6.41,9.99,,
,BROWN,MCW RR BROWN MUSCAT      750ML,WINE SUNDRY FORTIFIED,CALABRIA FAMILY WINES P/L,518370,9311769009007,12,6.02,8.99,Y,
,MARTINI,MARTINI BIANCO 14.5%        1L,WINE VERMOUTH & AROMATISED,COCA-COLA EUROPACIFIC PAR,279531,7630040408639,6,15.79,23.99,,
,MARTINI,MARTINI EXTRADRY VERMOUTH15%1L,WINE VERMOUTH & AROMATISED,COCA-COLA EUROPACIFIC PAR,282602,7630040409063,6,15.76,23.99,,
,MARTINI,MARTINI ROSSO VERMOUTH 14.5%1L,WINE VERMOUTH & AROMATISED,COCA-COLA EUROPACIFIC PAR,246504,7630040408493,6,14.61,21.99,,
